date,matchup,home_team,away_team,total_score,score_differential,attention
2013-09-05,BAL_vs_DEN,DEN,BAL,76.0,22.0,5800
2013-09-08,NE_vs_BUF,BUF,NE,44.0,2.0,592
2013-09-08,SEA_vs_CAR,CAR,SEA,19.0,5.0,265
2013-09-08,CIN_vs_CHI,CHI,CIN,45.0,3.0,316
2013-09-08,MIA_vs_CLE,CLE,MIA,33.0,13.0,429
2013-09-08,MIN_vs_DET,DET,MIN,58.0,10.0,559
2013-09-08,OAK_vs_IND,IND,OAK,38.0,4.0,248
2013-09-08,KC_vs_JAX,JAX,KC,30.0,26.0,218
2013-09-08,ATL_vs_NO,NO,ATL,40.0,6.0,1609
2013-09-08,TB_vs_NYJ,NYJ,TB,35.0,1.0,167
2013-09-08,TEN_vs_PIT,PIT,TEN,25.0,7.0,83
2013-09-08,GB_vs_SF,SF,GB,62.0,6.0,523
2013-09-08,ARI_vs_STL,STL,ARI,51.0,3.0,8
2013-09-08,NYG_vs_DAL,DAL,NYG,67.0,5.0,70
2013-09-09,PHI_vs_WAS,WAS,PHI,60.0,6.0,445
2013-09-09,HOU_vs_SD,SD,HOU,59.0,3.0,672
2013-09-12,NYJ_vs_NE,NE,NYJ,23.0,3.0,293
2013-09-15,STL_vs_ATL,ATL,STL,55.0,7.0,268
2013-09-15,CLE_vs_BAL,BAL,CLE,20.0,8.0,59
2013-09-15,CAR_vs_BUF,BUF,CAR,47.0,1.0,153
2013-09-15,MIN_vs_CHI,CHI,MIN,61.0,1.0,326
2013-09-15,WAS_vs_GB,GB,WAS,58.0,18.0,316
2013-09-15,TEN_vs_HOU,HOU,TEN,54.0,6.0,130
2013-09-15,MIA_vs_IND,IND,MIA,44.0,4.0,259
2013-09-15,DAL_vs_KC,KC,DAL,33.0,1.0,96
2013-09-15,SD_vs_PHI,PHI,SD,63.0,3.0,351
2013-09-15,DET_vs_ARI,ARI,DET,46.0,4.0,0
2013-09-15,NO_vs_TB,TB,NO,30.0,2.0,181
2013-09-15,DEN_vs_NYG,NYG,DEN,64.0,18.0,274
2013-09-15,JAX_vs_OAK,OAK,JAX,28.0,10.0,13
2013-09-15,SF_vs_SEA,SEA,SF,32.0,26.0,1773
2013-09-16,PIT_vs_CIN,CIN,PIT,30.0,10.0,1207
2013-09-19,KC_vs_PHI,PHI,KC,42.0,10.0,516
2013-09-22,HOU_vs_BAL,BAL,HOU,39.0,21.0,117
2013-09-22,NYG_vs_CAR,CAR,NYG,38.0,38.0,287
2013-09-22,GB_vs_CIN,CIN,GB,64.0,4.0,298
2013-09-22,STL_vs_DAL,DAL,STL,38.0,24.0,65
2013-09-22,CLE_vs_MIN,MIN,CLE,58.0,4.0,134
2013-09-22,TB_vs_NE,NE,TB,26.0,20.0,61
2013-09-22,ARI_vs_NO,NO,ARI,38.0,24.0,3
2013-09-22,SD_vs_TEN,TEN,SD,37.0,3.0,107
2013-09-22,DET_vs_WAS,WAS,DET,47.0,7.0,212
2013-09-22,ATL_vs_MIA,MIA,ATL,50.0,4.0,683
2013-09-22,BUF_vs_NYJ,NYJ,BUF,47.0,7.0,107
2013-09-22,JAX_vs_SEA,SEA,JAX,62.0,28.0,252
2013-09-22,IND_vs_SF,SF,IND,34.0,20.0,189
2013-09-22,CHI_vs_PIT,PIT,CHI,63.0,17.0,301
2013-09-23,OAK_vs_DEN,DEN,OAK,58.0,16.0,327
2013-09-26,SF_vs_STL,STL,SF,46.0,24.0,441
2013-09-29,BAL_vs_BUF,BUF,BAL,43.0,3.0,67
2013-09-29,CIN_vs_CLE,CLE,CIN,23.0,11.0,122
2013-09-29,CHI_vs_DET,DET,CHI,72.0,8.0,427
2013-09-29,SEA_vs_HOU,HOU,SEA,43.0,3.0,407
2013-09-29,IND_vs_JAX,JAX,IND,40.0,34.0,138
2013-09-29,NYG_vs_KC,KC,NYG,38.0,24.0,232
2013-09-29,PIT_vs_MIN,MIN,PIT,61.0,7.0,110
2013-09-29,ARI_vs_TB,TB,ARI,23.0,3.0,5
2013-09-29,NYJ_vs_TEN,TEN,NYJ,51.0,25.0,75
2013-09-29,PHI_vs_DEN,DEN,PHI,72.0,32.0,395
2013-09-29,WAS_vs_OAK,OAK,WAS,38.0,10.0,15
2013-09-29,DAL_vs_SD,SD,DAL,51.0,9.0,94
2013-09-29,NE_vs_ATL,ATL,NE,53.0,7.0,1243
2013-09-30,MIA_vs_NO,NO,MIA,55.0,21.0,1301
2013-10-03,BUF_vs_CLE,CLE,BUF,61.0,13.0,2331
2013-10-06,NO_vs_CHI,CHI,NO,44.0,8.0,2100
2013-10-06,NE_vs_CIN,CIN,NE,19.0,7.0,1522
2013-10-06,DET_vs_GB,GB,DET,31.0,13.0,1870
2013-10-06,SEA_vs_IND,IND,SEA,62.0,6.0,2299
2013-10-06,BAL_vs_MIA,MIA,BAL,49.0,3.0,855
2013-10-06,PHI_vs_NYG,NYG,PHI,57.0,15.0,1487
2013-10-06,JAX_vs_STL,STL,JAX,54.0,14.0,327
2013-10-06,KC_vs_TEN,TEN,KC,43.0,9.0,1140
2013-10-06,CAR_vs_ARI,ARI,CAR,28.0,16.0,13
2013-10-06,DEN_vs_DAL,DAL,DEN,99.0,3.0,5755
2013-10-06,HOU_vs_SF,SF,HOU,37.0,31.0,856
2013-10-06,SD_vs_OAK,OAK,SD,44.0,10.0,1053
2013-10-07,NYJ_vs_ATL,ATL,NYJ,58.0,2.0,2490
2013-10-10,NYG_vs_CHI,CHI,NYG,48.0,6.0,2097
2013-10-13,GB_vs_BAL,BAL,GB,36.0,2.0,1626
2013-10-13,CIN_vs_BUF,BUF,CIN,51.0,3.0,840
2013-10-13,DET_vs_CLE,CLE,DET,48.0,14.0,985
2013-10-13,STL_vs_HOU,HOU,STL,51.0,25.0,728
2013-10-13,OAK_vs_KC,KC,OAK,31.0,17.0,536
2013-10-13,CAR_vs_MIN,MIN,CAR,45.0,25.0,594
2013-10-13,PIT_vs_NYJ,NYJ,PIT,25.0,13.0,289
2013-10-13,PHI_vs_TB,TB,PHI,51.0,11.0,734
2013-10-13,JAX_vs_DEN,DEN,JAX,54.0,16.0,1098
2013-10-13,TEN_vs_SEA,SEA,TEN,33.0,7.0,1212
2013-10-13,NO_vs_NE,NE,NO,57.0,3.0,5484
2013-10-13,ARI_vs_SF,SF,ARI,52.0,12.0,29
2013-10-13,WAS_vs_DAL,DAL,WAS,47.0,15.0,703
2013-10-14,IND_vs_SD,SD,IND,28.0,10.0,1795
2013-10-17,SEA_vs_ARI,ARI,SEA,56.0,12.0,74
2013-10-20,TB_vs_ATL,ATL,TB,54.0,8.0,788
2013-10-20,STL_vs_CAR,CAR,STL,45.0,15.0,952
2013-10-20,CIN_vs_DET,DET,CIN,51.0,3.0,1611
2013-10-20,SD_vs_JAX,JAX,SD,30.0,18.0,668
2013-10-20,BUF_vs_MIA,MIA,BUF,44.0,2.0,889
2013-10-20,NE_vs_NYJ,NYJ,NE,57.0,3.0,2394
2013-10-20,DAL_vs_PHI,PHI,DAL,20.0,14.0,912
2013-10-20,CHI_vs_WAS,WAS,CHI,86.0,4.0,628
2013-10-20,SF_vs_TEN,TEN,SF,48.0,14.0,1272
2013-10-20,CLE_vs_GB,GB,CLE,44.0,18.0,1525
2013-10-20,HOU_vs_KC,KC,HOU,33.0,1.0,934
2013-10-20,BAL_vs_PIT,PIT,BAL,35.0,3.0,294
2013-10-20,DEN_vs_IND,IND,DEN,72.0,6.0,5886
2013-10-21,MIN_vs_NYG,NYG,MIN,30.0,16.0,1435
2013-10-24,CAR_vs_TB,TB,CAR,44.0,18.0,1046
2013-10-27,DAL_vs_DET,DET,DAL,61.0,1.0,2909
2013-10-27,SF_vs_JAX,JAX,SF,52.0,32.0,1036
2013-10-27,CLE_vs_KC,KC,CLE,40.0,6.0,678
2013-10-27,MIA_vs_NE,NE,MIA,44.0,10.0,2277
2013-10-27,BUF_vs_NO,NO,BUF,52.0,18.0,1973
2013-10-27,NYG_vs_PHI,PHI,NYG,22.0,8.0,1244
2013-10-27,NYJ_vs_CIN,CIN,NYJ,58.0,40.0,731
2013-10-27,PIT_vs_OAK,OAK,PIT,39.0,3.0,131
2013-10-27,ATL_vs_ARI,ARI,ATL,40.0,14.0,13
2013-10-27,WAS_vs_DEN,DEN,WAS,66.0,24.0,1228
2013-10-27,GB_vs_MIN,MIN,GB,75.0,13.0,2174
2013-10-28,SEA_vs_STL,STL,SEA,23.0,5.0,1951
2013-10-31,CIN_vs_MIA,MIA,CIN,42.0,2.0,2934
2013-11-03,KC_vs_BUF,BUF,KC,36.0,10.0,1031
2013-11-03,ATL_vs_CAR,CAR,ATL,44.0,24.0,1227
2013-11-03,MIN_vs_DAL,DAL,MIN,50.0,4.0,598
2013-11-03,NO_vs_NYJ,NYJ,NO,46.0,6.0,2046
2013-11-03,TEN_vs_STL,STL,TEN,49.0,7.0,581
2013-11-03,SD_vs_WAS,WAS,SD,54.0,6.0,1195
2013-11-03,PHI_vs_OAK,OAK,PHI,69.0,29.0,1636
2013-11-03,TB_vs_SEA,SEA,TB,51.0,3.0,2141
2013-11-03,BAL_vs_CLE,CLE,BAL,42.0,6.0,559
2013-11-03,PIT_vs_NE,NE,PIT,86.0,24.0,2326
2013-11-03,IND_vs_HOU,HOU,IND,51.0,3.0,1398
2013-11-04,CHI_vs_GB,GB,CHI,47.0,7.0,4168
2013-11-07,WAS_vs_MIN,MIN,WAS,61.0,7.0,1491
2013-11-10,SEA_vs_ATL,ATL,SEA,43.0,23.0,1564
2013-11-10,CIN_vs_BAL,BAL,CIN,37.0,3.0,1825
2013-11-10,DET_vs_CHI,CHI,DET,40.0,2.0,1661
2013-11-10,PHI_vs_GB,GB,PHI,40.0,14.0,1917
2013-11-10,STL_vs_IND,IND,STL,46.0,30.0,1279
2013-11-10,OAK_vs_NYG,NYG,OAK,44.0,4.0,407
2013-11-10,BUF_vs_PIT,PIT,BUF,33.0,13.0,186
2013-11-10,JAX_vs_TEN,TEN,JAX,56.0,2.0,502
2013-11-10,CAR_vs_SF,SF,CAR,19.0,1.0,1760
2013-11-10,HOU_vs_ARI,ARI,HOU,51.0,3.0,8
2013-11-10,DEN_vs_SD,SD,DEN,48.0,8.0,1283
2013-11-10,DAL_vs_NO,NO,DAL,66.0,32.0,4912
2013-11-11,MIA_vs_TB,TB,MIA,41.0,3.0,1334
2013-11-14,IND_vs_TEN,TEN,IND,57.0,3.0,1873
2013-11-17,NYJ_vs_BUF,BUF,NYJ,51.0,23.0,478
2013-11-17,BAL_vs_CHI,CHI,BAL,43.0,3.0,1791
2013-11-17,CLE_vs_CIN,CIN,CLE,61.0,21.0,1122
2013-11-17,OAK_vs_HOU,HOU,OAK,51.0,5.0,241
2013-11-17,ARI_vs_JAX,JAX,ARI,41.0,13.0,20
2013-11-17,WAS_vs_PHI,PHI,WAS,40.0,8.0,1070
2013-11-17,DET_vs_PIT,PIT,DET,64.0,10.0,2033
2013-11-17,ATL_vs_TB,TB,ATL,69.0,13.0,866
2013-11-17,SD_vs_MIA,MIA,SD,36.0,4.0,1028
2013-11-17,SF_vs_NO,NO,SF,43.0,3.0,4508
2013-11-17,GB_vs_NYG,NYG,GB,40.0,14.0,1650
2013-11-17,MIN_vs_SEA,SEA,MIN,61.0,21.0,1597
2013-11-17,KC_vs_DEN,DEN,KC,44.0,10.0,4610
2013-11-18,NE_vs_CAR,CAR,NE,44.0,4.0,6677
2013-11-21,NO_vs_ATL,ATL,NO,30.0,4.0,4450
2013-11-24,NYJ_vs_BAL,BAL,NYJ,22.0,16.0,319
2013-11-24,PIT_vs_CLE,CLE,PIT,38.0,16.0,374
2013-11-24,TB_vs_DET,DET,TB,45.0,3.0,1374
2013-11-24,MIN_vs_GB,GB,MIN,52.0,0.0,2277
2013-11-24,JAX_vs_HOU,HOU,JAX,19.0,7.0,231
2013-11-24,SD_vs_KC,KC,SD,79.0,3.0,1932
2013-11-24,CAR_vs_MIA,MIA,CAR,36.0,4.0,1984
2013-11-24,CHI_vs_STL,STL,CHI,63.0,21.0,1347
2013-11-24,IND_vs_ARI,ARI,IND,51.0,29.0,24
2013-11-24,TEN_vs_OAK,OAK,TEN,42.0,4.0,437
2013-11-24,DAL_vs_NYG,NYG,DAL,45.0,3.0,1717
2013-11-24,DEN_vs_NE,NE,DEN,65.0,3.0,10738
2013-11-25,SF_vs_WAS,WAS,SF,33.0,21.0,1463
2013-11-28,GB_vs_DET,DET,GB,50.0,30.0,3723
2013-11-28,OAK_vs_DAL,DAL,OAK,55.0,7.0,1119
2013-11-28,PIT_vs_BAL,BAL,PIT,42.0,2.0,1163
2013-12-01,TB_vs_CAR,CAR,TB,33.0,21.0,437
2013-12-01,JAX_vs_CLE,CLE,JAX,60.0,4.0,217
2013-12-01,NE_vs_HOU,HOU,NE,65.0,3.0,587
2013-12-01,TEN_vs_IND,IND,TEN,36.0,8.0,148
2013-12-01,CHI_vs_MIN,MIN,CHI,43.0,3.0,391
2013-12-01,MIA_vs_NYJ,NYJ,MIA,26.0,20.0,442
2013-12-01,ARI_vs_PHI,PHI,ARI,45.0,3.0,12
2013-12-01,ATL_vs_BUF,BUF,ATL,65.0,3.0,286
2013-12-01,STL_vs_SF,SF,STL,36.0,10.0,440
2013-12-01,DEN_vs_KC,KC,DEN,63.0,7.0,1350
2013-12-01,CIN_vs_SD,SD,CIN,27.0,7.0,201
2013-12-01,NYG_vs_WAS,WAS,NYG,41.0,7.0,240
2013-12-02,NO_vs_SEA,SEA,NO,41.0,27.0,2151
2013-12-05,HOU_vs_JAX,JAX,HOU,47.0,7.0,505
2013-12-08,MIN_vs_BAL,BAL,MIN,55.0,3.0,1438
2013-12-08,IND_vs_CIN,CIN,IND,70.0,14.0,1032
2013-12-08,ATL_vs_GB,GB,ATL,43.0,1.0,1648
2013-12-08,CLE_vs_NE,NE,CLE,53.0,1.0,1862
2013-12-08,OAK_vs_NYJ,NYJ,OAK,64.0,10.0,456
2013-12-08,DET_vs_PHI,PHI,DET,54.0,14.0,6067
2013-12-08,MIA_vs_PIT,PIT,MIA,62.0,6.0,1997
2013-12-08,BUF_vs_TB,TB,BUF,33.0,21.0,506
2013-12-08,KC_vs_WAS,WAS,KC,55.0,35.0,997
2013-12-08,TEN_vs_DEN,DEN,TEN,79.0,23.0,2747
2013-12-08,STL_vs_ARI,ARI,STL,40.0,20.0,11
2013-12-08,NYG_vs_SD,SD,NYG,51.0,23.0,1068
2013-12-08,SEA_vs_SF,SF,SEA,36.0,2.0,2693
2013-12-08,CAR_vs_NO,NO,CAR,44.0,18.0,4480
2013-12-09,DAL_vs_CHI,CHI,DAL,73.0,17.0,2546
2013-12-12,SD_vs_DEN,DEN,SD,47.0,7.0,621
2013-12-15,WAS_vs_ATL,ATL,WAS,53.0,1.0,234
2013-12-15,CHI_vs_CLE,CLE,CHI,69.0,7.0,343
2013-12-15,HOU_vs_IND,IND,HOU,28.0,22.0,185
2013-12-15,BUF_vs_JAX,JAX,BUF,47.0,7.0,67
2013-12-15,NE_vs_MIA,MIA,NE,44.0,4.0,1472
2013-12-15,PHI_vs_MIN,MIN,PHI,78.0,18.0,404
2013-12-15,SEA_vs_NYG,NYG,SEA,23.0,23.0,479
2013-12-15,SF_vs_TB,TB,SF,47.0,19.0,364
2013-12-15,NYJ_vs_CAR,CAR,NYJ,50.0,10.0,212
2013-12-15,KC_vs_OAK,OAK,KC,87.0,25.0,196
2013-12-15,GB_vs_DAL,DAL,GB,73.0,1.0,1377
2013-12-15,NO_vs_STL,STL,NO,43.0,11.0,283
2013-12-15,ARI_vs_TEN,TEN,ARI,71.0,3.0,3
2013-12-15,CIN_vs_PIT,PIT,CIN,50.0,10.0,293
2013-12-16,BAL_vs_DET,DET,BAL,34.0,2.0,776
2013-12-22,MIA_vs_BUF,BUF,MIA,19.0,19.0,1603
2013-12-22,NO_vs_CAR,CAR,NO,30.0,4.0,4536
2013-12-22,MIN_vs_CIN,CIN,MIN,56.0,28.0,395
2013-12-22,DEN_vs_HOU,HOU,DEN,50.0,24.0,1770
2013-12-22,TEN_vs_JAX,JAX,TEN,36.0,4.0,230
2013-12-22,IND_vs_KC,KC,IND,30.0,16.0,1052
2013-12-22,CLE_vs_NYJ,NYJ,CLE,37.0,11.0,423
2013-12-22,TB_vs_STL,STL,TB,36.0,10.0,703
2013-12-22,DAL_vs_WAS,WAS,DAL,47.0,1.0,1790
2013-12-22,NYG_vs_DET,DET,NYG,43.0,3.0,1292
2013-12-22,ARI_vs_SEA,SEA,ARI,27.0,7.0,91
2013-12-22,NE_vs_BAL,BAL,NE,48.0,34.0,2466
2013-12-22,PIT_vs_GB,GB,PIT,69.0,7.0,2117
2013-12-22,OAK_vs_SD,SD,OAK,39.0,13.0,806
2013-12-22,CHI_vs_PHI,PHI,CHI,65.0,43.0,2799
2013-12-23,ATL_vs_SF,SF,ATL,58.0,10.0,535
2013-12-29,CAR_vs_ATL,ATL,CAR,41.0,1.0,645
2013-12-29,BAL_vs_CIN,CIN,BAL,51.0,17.0,271
2013-12-29,JAX_vs_IND,IND,JAX,40.0,20.0,145
2013-12-29,NYJ_vs_MIA,MIA,NYJ,27.0,13.0,300
2013-12-29,DET_vs_MIN,MIN,DET,27.0,1.0,84
2013-12-29,WAS_vs_NYG,NYG,WAS,26.0,14.0,128
2013-12-29,CLE_vs_PIT,PIT,CLE,27.0,13.0,27
2013-12-29,HOU_vs_TEN,TEN,HOU,26.0,6.0,31
2013-12-29,SF_vs_ARI,ARI,SF,43.0,3.0,3
2013-12-29,GB_vs_CHI,CHI,GB,61.0,5.0,1956
2013-12-29,BUF_vs_NE,NE,BUF,54.0,14.0,268
2013-12-29,TB_vs_NO,NO,TB,59.0,25.0,677
2013-12-29,DEN_vs_OAK,OAK,DEN,48.0,20.0,312
2013-12-29,KC_vs_SD,SD,KC,51.0,3.0,554
2013-12-29,STL_vs_SEA,SEA,STL,36.0,18.0,463
2013-12-29,PHI_vs_DAL,DAL,PHI,46.0,2.0,1246
2014-09-04,GB_vs_SEA,SEA,GB,52.0,20.0,3800
2014-09-07,NO_vs_ATL,ATL,NO,71.0,3.0,2124
2014-09-07,CIN_vs_BAL,BAL,CIN,39.0,7.0,337
2014-09-07,BUF_vs_CHI,CHI,BUF,43.0,3.0,770
2014-09-07,WAS_vs_HOU,HOU,WAS,23.0,11.0,337
2014-09-07,TEN_vs_KC,KC,TEN,36.0,16.0,282
2014-09-07,NE_vs_MIA,MIA,NE,53.0,13.0,1830
2014-09-07,OAK_vs_NYJ,NYJ,OAK,33.0,5.0,225
2014-09-07,JAX_vs_PHI,PHI,JAX,51.0,17.0,595
2014-09-07,CLE_vs_PIT,PIT,CLE,57.0,3.0,586
2014-09-07,MIN_vs_STL,STL,MIN,40.0,28.0,372
2014-09-07,SF_vs_DAL,DAL,SF,45.0,11.0,2844
2014-09-07,CAR_vs_TB,TB,CAR,34.0,6.0,596
2014-09-07,IND_vs_DEN,DEN,IND,55.0,7.0,1603
2014-09-08,NYG_vs_DET,DET,NYG,49.0,21.0,455
2014-09-08,SD_vs_ARI,ARI,SD,35.0,1.0,9
2014-09-11,PIT_vs_BAL,BAL,PIT,32.0,20.0,3012
2014-09-14,MIA_vs_BUF,BUF,MIA,39.0,19.0,328
2014-09-14,DET_vs_CAR,CAR,DET,31.0,17.0,367
2014-09-14,ATL_vs_CIN,CIN,ATL,34.0,14.0,306
2014-09-14,NO_vs_CLE,CLE,NO,50.0,2.0,723
2014-09-14,NE_vs_MIN,MIN,NE,37.0,23.0,687
2014-09-14,ARI_vs_NYG,NYG,ARI,39.0,11.0,27
2014-09-14,DAL_vs_TEN,TEN,DAL,36.0,16.0,882
2014-09-14,JAX_vs_WAS,WAS,JAX,51.0,31.0,381
2014-09-14,SEA_vs_SD,SD,SEA,51.0,9.0,1647
2014-09-14,STL_vs_TB,TB,STL,36.0,2.0,444
2014-09-14,KC_vs_DEN,DEN,KC,41.0,7.0,966
2014-09-14,NYJ_vs_GB,GB,NYJ,55.0,7.0,1845
2014-09-14,HOU_vs_OAK,OAK,HOU,44.0,16.0,155
2014-09-14,CHI_vs_SF,SF,CHI,48.0,8.0,2535
2014-09-15,PHI_vs_IND,IND,PHI,57.0,3.0,3692
2014-09-18,TB_vs_ATL,ATL,TB,70.0,42.0,8618
2014-09-21,SD_vs_BUF,BUF,SD,32.0,12.0,415
2014-09-21,TEN_vs_CIN,CIN,TEN,40.0,26.0,229
2014-09-21,BAL_vs_CLE,CLE,BAL,44.0,2.0,377
2014-09-21,GB_vs_DET,DET,GB,26.0,12.0,547
2014-09-21,IND_vs_JAX,JAX,IND,61.0,27.0,260
2014-09-21,OAK_vs_NE,NE,OAK,25.0,7.0,409
2014-09-21,MIN_vs_NO,NO,MIN,29.0,11.0,580
2014-09-21,HOU_vs_NYG,NYG,HOU,47.0,13.0,205
2014-09-21,WAS_vs_PHI,PHI,WAS,71.0,3.0,1242
2014-09-21,DAL_vs_STL,STL,DAL,65.0,3.0,2118
2014-09-21,SF_vs_ARI,ARI,SF,37.0,9.0,8
2014-09-21,KC_vs_MIA,MIA,KC,49.0,19.0,305
2014-09-21,DEN_vs_SEA,SEA,DEN,46.0,6.0,2546
2014-09-21,PIT_vs_CAR,CAR,PIT,56.0,18.0,606
2014-09-22,CHI_vs_NYJ,NYJ,CHI,46.0,8.0,569
2014-09-25,NYG_vs_WAS,WAS,NYG,59.0,31.0,652
2014-09-28,CAR_vs_BAL,BAL,CAR,48.0,28.0,354
2014-09-28,GB_vs_CHI,CHI,GB,55.0,21.0,1630
2014-09-28,BUF_vs_HOU,HOU,BUF,40.0,6.0,298
2014-09-28,TEN_vs_IND,IND,TEN,58.0,24.0,148
2014-09-28,DET_vs_NYJ,NYJ,DET,41.0,7.0,217
2014-09-28,MIA_vs_OAK,OAK,MIA,52.0,24.0,195
2014-09-28,TB_vs_PIT,PIT,TB,51.0,3.0,506
2014-09-28,JAX_vs_SD,SD,JAX,47.0,19.0,305
2014-09-28,ATL_vs_MIN,MIN,ATL,69.0,13.0,649
2014-09-28,PHI_vs_SF,SF,PHI,47.0,5.0,978
2014-09-28,NO_vs_DAL,DAL,NO,55.0,21.0,4109
2014-09-29,NE_vs_KC,KC,NE,55.0,27.0,979
2014-10-02,MIN_vs_GB,GB,MIN,52.0,32.0,6925
2014-10-05,CHI_vs_CAR,CAR,CHI,55.0,7.0,1446
2014-10-05,HOU_vs_DAL,DAL,HOU,37.0,3.0,4409
2014-10-05,BUF_vs_DET,DET,BUF,31.0,3.0,678
2014-10-05,BAL_vs_IND,IND,BAL,33.0,7.0,712
2014-10-05,PIT_vs_JAX,JAX,PIT,26.0,8.0,191
2014-10-05,TB_vs_NO,NO,TB,68.0,6.0,949
2014-10-05,ATL_vs_NYG,NYG,ATL,50.0,10.0,1268
2014-10-05,STL_vs_PHI,PHI,STL,62.0,6.0,687
2014-10-05,CLE_vs_TEN,TEN,CLE,57.0,1.0,1151
2014-10-05,ARI_vs_DEN,DEN,ARI,61.0,21.0,157
2014-10-05,NYJ_vs_SD,SD,NYJ,31.0,31.0,2032
2014-10-05,KC_vs_SF,SF,KC,39.0,5.0,1628
2014-10-05,CIN_vs_NE,NE,CIN,60.0,26.0,4088
2014-10-06,SEA_vs_WAS,WAS,SEA,44.0,10.0,4259
2014-10-09,IND_vs_HOU,HOU,IND,61.0,5.0,3161
2014-10-12,NE_vs_BUF,BUF,NE,59.0,15.0,3209
2014-10-12,CAR_vs_CIN,CIN,CAR,74.0,0.0,2705
2014-10-12,PIT_vs_CLE,CLE,PIT,41.0,21.0,1841
2014-10-12,GB_vs_MIA,MIA,GB,51.0,3.0,5108
2014-10-12,DET_vs_MIN,MIN,DET,20.0,14.0,983
2014-10-12,DEN_vs_NYJ,NYJ,DEN,48.0,14.0,1956
2014-10-12,BAL_vs_TB,TB,BAL,65.0,31.0,1784
2014-10-12,JAX_vs_TEN,TEN,JAX,30.0,2.0,432
2014-10-12,SD_vs_OAK,OAK,SD,59.0,3.0,2720
2014-10-12,WAS_vs_ARI,ARI,WAS,50.0,10.0,49
2014-10-12,CHI_vs_ATL,ATL,CHI,40.0,14.0,2722
2014-10-12,DAL_vs_SEA,SEA,DAL,53.0,7.0,14596
2014-10-12,NYG_vs_PHI,PHI,NYG,27.0,27.0,4260
2014-10-13,SF_vs_STL,STL,SF,48.0,14.0,5426
2014-10-16,NYJ_vs_NE,NE,NYJ,52.0,2.0,4729
2014-10-19,ATL_vs_BAL,BAL,ATL,36.0,22.0,564
2014-10-19,MIN_vs_BUF,BUF,MIN,33.0,1.0,492
2014-10-19,MIA_vs_CHI,CHI,MIA,41.0,13.0,955
2014-10-19,NO_vs_DET,DET,NO,47.0,1.0,1281
2014-10-19,CAR_vs_GB,GB,CAR,55.0,21.0,2417
2014-10-19,CIN_vs_IND,IND,CIN,27.0,27.0,684
2014-10-19,CLE_vs_JAX,JAX,CLE,30.0,18.0,651
2014-10-19,SEA_vs_STL,STL,SEA,54.0,2.0,1545
2014-10-19,TEN_vs_WAS,WAS,TEN,36.0,2.0,518
2014-10-19,KC_vs_SD,SD,KC,43.0,3.0,2189
2014-10-19,NYG_vs_DAL,DAL,NYG,52.0,10.0,6742
2014-10-19,ARI_vs_OAK,OAK,ARI,37.0,11.0,66
2014-10-19,SF_vs_DEN,DEN,SF,59.0,25.0,3634
2014-10-20,HOU_vs_PIT,PIT,HOU,53.0,7.0,2861
2014-10-23,SD_vs_DEN,DEN,SD,56.0,14.0,5577
2014-10-26,DET_vs_ATL,ATL,DET,43.0,1.0,5215
2014-10-26,SEA_vs_CAR,CAR,SEA,22.0,4.0,2788
2014-10-26,BAL_vs_CIN,CIN,BAL,51.0,3.0,897
2014-10-26,MIA_vs_JAX,JAX,MIA,40.0,14.0,1044
2014-10-26,STL_vs_KC,KC,STL,41.0,27.0,704
2014-10-26,CHI_vs_NE,NE,CHI,74.0,28.0,4377
2014-10-26,BUF_vs_NYJ,NYJ,BUF,66.0,20.0,1610
2014-10-26,MIN_vs_TB,TB,MIN,32.0,6.0,672
2014-10-26,HOU_vs_TEN,TEN,HOU,46.0,14.0,377
2014-10-26,PHI_vs_ARI,ARI,PHI,44.0,4.0,218
2014-10-26,OAK_vs_CLE,CLE,OAK,36.0,10.0,913
2014-10-26,IND_vs_PIT,PIT,IND,85.0,17.0,3030
2014-10-26,GB_vs_NO,NO,GB,67.0,21.0,6136
2014-10-27,WAS_vs_DAL,DAL,WAS,37.0,3.0,11990
2014-10-30,NO_vs_CAR,CAR,NO,38.0,18.0,1908
2014-11-02,JAX_vs_CIN,CIN,JAX,56.0,10.0,479
2014-11-02,TB_vs_CLE,CLE,TB,39.0,5.0,697
2014-11-02,ARI_vs_DAL,DAL,ARI,45.0,11.0,146
2014-11-02,PHI_vs_HOU,HOU,PHI,52.0,10.0,1474
2014-11-02,NYJ_vs_KC,KC,NYJ,34.0,14.0,412
2014-11-02,SD_vs_MIA,MIA,SD,37.0,37.0,1598
2014-11-02,WAS_vs_MIN,MIN,WAS,55.0,3.0,870
2014-11-02,STL_vs_SF,SF,STL,23.0,3.0,611
2014-11-02,DEN_vs_NE,NE,DEN,64.0,22.0,7427
2014-11-02,OAK_vs_SEA,SEA,OAK,54.0,6.0,1343
2014-11-02,BAL_vs_PIT,PIT,BAL,66.0,20.0,1776
2014-11-03,IND_vs_NYG,NYG,IND,64.0,16.0,1565
2014-11-06,CLE_vs_CIN,CIN,CLE,27.0,21.0,3926
2014-11-09,TEN_vs_BAL,BAL,TEN,28.0,14.0,133
2014-11-09,KC_vs_BUF,BUF,KC,30.0,4.0,547
2014-11-09,MIA_vs_DET,DET,MIA,36.0,4.0,1584
2014-11-09,DAL_vs_JAX,JAX,DAL,48.0,14.0,3527
2014-11-09,SF_vs_NO,NO,SF,51.0,3.0,2229
2014-11-09,PIT_vs_NYJ,NYJ,PIT,33.0,7.0,913
2014-11-09,ATL_vs_TB,TB,ATL,44.0,10.0,594
2014-11-09,DEN_vs_OAK,OAK,DEN,58.0,24.0,946
2014-11-09,STL_vs_ARI,ARI,STL,45.0,17.0,34
2014-11-09,NYG_vs_SEA,SEA,NYG,55.0,21.0,1822
2014-11-09,CHI_vs_GB,GB,CHI,69.0,41.0,9156
2014-11-10,CAR_vs_PHI,PHI,CAR,66.0,24.0,3933
2014-11-13,BUF_vs_MIA,MIA,BUF,31.0,13.0,2410
2014-11-16,ATL_vs_CAR,CAR,ATL,36.0,2.0,1528
2014-11-16,MIN_vs_CHI,CHI,MIN,34.0,8.0,1369
2014-11-16,HOU_vs_CLE,CLE,HOU,30.0,16.0,2254
2014-11-16,SEA_vs_KC,KC,SEA,44.0,4.0,2451
2014-11-16,CIN_vs_NO,NO,CIN,37.0,17.0,1321
2014-11-16,SF_vs_NYG,NYG,SF,26.0,6.0,1806
2014-11-16,DEN_vs_STL,STL,DEN,29.0,15.0,1813
2014-11-16,TB_vs_WAS,WAS,TB,34.0,20.0,1097
2014-11-16,OAK_vs_SD,SD,OAK,19.0,7.0,1193
2014-11-16,DET_vs_ARI,ARI,DET,20.0,8.0,90
2014-11-16,PHI_vs_GB,GB,PHI,73.0,33.0,7076
2014-11-16,NE_vs_IND,IND,NE,62.0,22.0,7053
2014-11-17,PIT_vs_TEN,TEN,PIT,51.0,3.0,902
2014-11-20,KC_vs_OAK,OAK,KC,44.0,4.0,3669
2014-11-23,CLE_vs_ATL,ATL,CLE,50.0,2.0,1286
2014-11-23,TB_vs_CHI,CHI,TB,34.0,8.0,711
2014-11-23,CIN_vs_HOU,HOU,CIN,35.0,9.0,487
2014-11-23,JAX_vs_IND,IND,JAX,26.0,20.0,1007
2014-11-23,GB_vs_MIN,MIN,GB,45.0,3.0,1849
2014-11-23,DET_vs_NE,NE,DET,43.0,25.0,2914
2014-11-23,TEN_vs_PHI,PHI,TEN,67.0,19.0,1286
2014-11-23,STL_vs_SD,SD,STL,51.0,3.0,1109
2014-11-23,ARI_vs_SEA,SEA,ARI,22.0,16.0,83
2014-11-23,MIA_vs_DEN,DEN,MIA,75.0,3.0,2408
2014-11-23,WAS_vs_SF,SF,WAS,30.0,4.0,798
2014-11-23,DAL_vs_NYG,NYG,DAL,59.0,3.0,10553
2014-11-24,NYJ_vs_BUF,BUF,NYJ,41.0,35.0,878
2014-11-24,BAL_vs_NO,NO,BAL,61.0,7.0,977
2014-11-27,CHI_vs_DET,DET,CHI,51.0,17.0,3711
2014-11-27,PHI_vs_DAL,DAL,PHI,43.0,23.0,5129
2014-11-27,SEA_vs_SF,SF,SEA,22.0,16.0,3434
2014-11-30,SD_vs_BAL,BAL,SD,67.0,1.0,1427
2014-11-30,CLE_vs_BUF,BUF,CLE,36.0,16.0,1299
2014-11-30,TEN_vs_HOU,HOU,TEN,66.0,24.0,244
2014-11-30,WAS_vs_IND,IND,WAS,76.0,22.0,703
2014-11-30,NYG_vs_JAX,JAX,NYG,49.0,1.0,558
2014-11-30,CAR_vs_MIN,MIN,CAR,44.0,18.0,420
2014-11-30,NO_vs_PIT,PIT,NO,67.0,3.0,791
2014-11-30,OAK_vs_STL,STL,OAK,52.0,52.0,419
2014-11-30,CIN_vs_TB,TB,CIN,27.0,1.0,322
2014-11-30,ARI_vs_ATL,ATL,ARI,47.0,11.0,57
2014-11-30,NE_vs_GB,GB,NE,47.0,5.0,6049
2014-11-30,DEN_vs_KC,KC,DEN,45.0,13.0,1796
2014-12-01,MIA_vs_NYJ,NYJ,MIA,29.0,3.0,1100
2014-12-04,DAL_vs_CHI,CHI,DAL,69.0,13.0,6522
2014-12-07,PIT_vs_CIN,CIN,PIT,63.0,21.0,679
2014-12-07,IND_vs_CLE,CLE,IND,49.0,1.0,1212
2014-12-07,TB_vs_DET,DET,TB,51.0,17.0,891
2014-12-07,HOU_vs_JAX,JAX,HOU,40.0,14.0,204
2014-12-07,BAL_vs_MIA,MIA,BAL,41.0,15.0,668
2014-12-07,NYJ_vs_MIN,MIN,NYJ,54.0,6.0,513
2014-12-07,CAR_vs_NO,NO,CAR,51.0,31.0,1056
2014-12-07,NYG_vs_TEN,TEN,NYG,43.0,29.0,323
2014-12-07,STL_vs_WAS,WAS,STL,24.0,24.0,604
2014-12-07,KC_vs_ARI,ARI,KC,31.0,3.0,13
2014-12-07,BUF_vs_DEN,DEN,BUF,41.0,7.0,496
2014-12-07,SF_vs_OAK,OAK,SF,37.0,11.0,924
2014-12-07,SEA_vs_PHI,PHI,SEA,38.0,10.0,2110
2014-12-07,NE_vs_SD,SD,NE,37.0,9.0,4098
2014-12-08,ATL_vs_GB,GB,ATL,80.0,6.0,3946
2014-12-11,ARI_vs_STL,STL,ARI,18.0,6.0,104
2014-12-14,PIT_vs_ATL,ATL,PIT,47.0,7.0,688
2014-12-14,JAX_vs_BAL,BAL,JAX,32.0,8.0,149
2014-12-14,GB_vs_BUF,BUF,GB,34.0,8.0,1872
2014-12-14,TB_vs_CAR,CAR,TB,36.0,2.0,570
2014-12-14,CIN_vs_CLE,CLE,CIN,30.0,30.0,2229
2014-12-14,HOU_vs_IND,IND,HOU,27.0,7.0,440
2014-12-14,OAK_vs_KC,KC,OAK,44.0,18.0,317
2014-12-14,MIA_vs_NE,NE,MIA,54.0,28.0,2126
2014-12-14,WAS_vs_NYG,NYG,WAS,37.0,11.0,888
2014-12-14,DEN_vs_SD,SD,DEN,32.0,12.0,1669
2014-12-14,NYJ_vs_TEN,TEN,NYJ,27.0,5.0,331
2014-12-14,MIN_vs_DET,DET,MIN,30.0,2.0,569
2014-12-14,SF_vs_SEA,SEA,SF,24.0,10.0,2654
2014-12-14,DAL_vs_PHI,PHI,DAL,65.0,11.0,7282
2014-12-15,NO_vs_CHI,CHI,NO,46.0,16.0,1159
2014-12-18,TEN_vs_JAX,JAX,TEN,34.0,8.0,602
2014-12-20,PHI_vs_WAS,WAS,PHI,51.0,3.0,1096
2014-12-20,SD_vs_SF,SF,SD,73.0,3.0,2173
2014-12-21,CLE_vs_CAR,CAR,CLE,30.0,4.0,621
2014-12-21,DET_vs_CHI,CHI,DET,34.0,6.0,618
2014-12-21,BAL_vs_HOU,HOU,BAL,38.0,12.0,278
2014-12-21,MIN_vs_MIA,MIA,MIN,72.0,2.0,655
2014-12-21,ATL_vs_NO,NO,ATL,44.0,16.0,1650
2014-12-21,NE_vs_NYJ,NYJ,NE,33.0,1.0,1441
2014-12-21,KC_vs_PIT,PIT,KC,32.0,8.0,236
2014-12-21,GB_vs_TB,TB,GB,23.0,17.0,1590
2014-12-21,NYG_vs_STL,STL,NYG,64.0,10.0,545
2014-12-21,IND_vs_DAL,DAL,IND,49.0,35.0,5151
2014-12-21,BUF_vs_OAK,OAK,BUF,50.0,2.0,563
2014-12-21,SEA_vs_ARI,ARI,SEA,41.0,29.0,31
2014-12-22,DEN_vs_CIN,CIN,DEN,65.0,9.0,2032
2014-12-28,CLE_vs_BAL,BAL,CLE,30.0,10.0,328
2014-12-28,JAX_vs_HOU,HOU,JAX,40.0,6.0,284
2014-12-28,SD_vs_KC,KC,SD,26.0,12.0,703
2014-12-28,NYJ_vs_MIA,MIA,NYJ,61.0,13.0,242
2014-12-28,CHI_vs_MIN,MIN,CHI,22.0,4.0,204
2014-12-28,BUF_vs_NE,NE,BUF,26.0,8.0,536
2014-12-28,PHI_vs_NYG,NYG,PHI,60.0,8.0,317
2014-12-28,NO_vs_TB,TB,NO,43.0,3.0,258
2014-12-28,IND_vs_TEN,TEN,IND,37.0,17.0,178
2014-12-28,DAL_vs_WAS,WAS,DAL,61.0,27.0,2847
2014-12-28,CAR_vs_ATL,ATL,CAR,37.0,31.0,1205
2014-12-28,OAK_vs_DEN,DEN,OAK,61.0,33.0,310
2014-12-28,DET_vs_GB,GB,DET,50.0,10.0,3138
2014-12-28,STL_vs_SEA,SEA,STL,26.0,14.0,711
2014-12-28,ARI_vs_SF,SF,ARI,37.0,3.0,32
2014-12-28,CIN_vs_PIT,PIT,CIN,44.0,10.0,721
2015-09-10,PIT_vs_NE,NE,PIT,49.0,7.0,11929
2015-09-13,IND_vs_BUF,BUF,IND,41.0,13.0,1644
2015-09-13,GB_vs_CHI,CHI,GB,54.0,8.0,5744
2015-09-13,KC_vs_HOU,HOU,KC,47.0,7.0,1807
2015-09-13,CAR_vs_JAX,JAX,CAR,29.0,11.0,1148
2015-09-13,CLE_vs_NYJ,NYJ,CLE,41.0,21.0,2253
2015-09-13,SEA_vs_STL,STL,SEA,65.0,3.0,4169
2015-09-13,MIA_vs_WAS,WAS,MIA,27.0,7.0,2265
2015-09-13,NO_vs_ARI,ARI,NO,50.0,12.0,91
2015-09-13,DET_vs_SD,SD,DET,61.0,5.0,1626
2015-09-13,BAL_vs_DEN,DEN,BAL,32.0,6.0,1059
2015-09-13,CIN_vs_OAK,OAK,CIN,46.0,20.0,581
2015-09-13,TEN_vs_TB,TB,TEN,56.0,28.0,1432
2015-09-13,NYG_vs_DAL,DAL,NYG,53.0,1.0,8731
2015-09-14,PHI_vs_ATL,ATL,PHI,50.0,2.0,4930
2015-09-14,MIN_vs_SF,SF,MIN,23.0,17.0,3239
2015-09-17,DEN_vs_KC,KC,DEN,55.0,7.0,6959
2015-09-20,NE_vs_BUF,BUF,NE,72.0,8.0,5543
2015-09-20,HOU_vs_CAR,CAR,HOU,41.0,7.0,2011
2015-09-20,ARI_vs_CHI,CHI,ARI,71.0,25.0,90
2015-09-20,SD_vs_CIN,CIN,SD,43.0,5.0,1315
2015-09-20,TEN_vs_CLE,CLE,TEN,42.0,14.0,2275
2015-09-20,DET_vs_MIN,MIN,DET,42.0,10.0,1285
2015-09-20,TB_vs_NO,NO,TB,45.0,7.0,1192
2015-09-20,ATL_vs_NYG,NYG,ATL,44.0,4.0,3685
2015-09-20,SF_vs_PIT,PIT,SF,61.0,25.0,1233
2015-09-20,STL_vs_WAS,WAS,STL,34.0,14.0,1444
2015-09-20,MIA_vs_JAX,JAX,MIA,43.0,3.0,984
2015-09-20,BAL_vs_OAK,OAK,BAL,70.0,4.0,2053
2015-09-20,DAL_vs_PHI,PHI,DAL,30.0,10.0,9350
2015-09-20,SEA_vs_GB,GB,SEA,44.0,10.0,9152
2015-09-21,NYJ_vs_IND,IND,NYJ,27.0,13.0,4404
2015-09-24,WAS_vs_NYG,NYG,WAS,53.0,11.0,2894
2015-09-27,CIN_vs_BAL,BAL,CIN,52.0,4.0,1407
2015-09-27,NO_vs_CAR,CAR,NO,49.0,5.0,1725
2015-09-27,OAK_vs_CLE,CLE,OAK,47.0,7.0,2554
2015-09-27,ATL_vs_DAL,DAL,ATL,67.0,11.0,4942
2015-09-27,TB_vs_HOU,HOU,TB,28.0,10.0,556
2015-09-27,SD_vs_MIN,MIN,SD,45.0,17.0,1301
2015-09-27,JAX_vs_NE,NE,JAX,68.0,34.0,2480
2015-09-27,PHI_vs_NYJ,NYJ,PHI,41.0,7.0,1067
2015-09-27,PIT_vs_STL,STL,PIT,18.0,6.0,844
2015-09-27,IND_vs_TEN,TEN,IND,68.0,2.0,817
2015-09-27,SF_vs_ARI,ARI,SF,54.0,40.0,88
2015-09-27,BUF_vs_MIA,MIA,BUF,55.0,27.0,1597
2015-09-27,CHI_vs_SEA,SEA,CHI,26.0,26.0,3192
2015-09-27,DEN_vs_DET,DET,DEN,36.0,12.0,4216
2015-09-28,KC_vs_GB,GB,KC,66.0,10.0,6027
2015-10-01,BAL_vs_PIT,PIT,BAL,43.0,3.0,5909
2015-10-04,NYJ_vs_MIA,MIA,NYJ,41.0,13.0,3291
2015-10-04,HOU_vs_ATL,ATL,HOU,69.0,27.0,2904
2015-10-04,NYG_vs_BUF,BUF,NYG,34.0,14.0,4028
2015-10-04,OAK_vs_CHI,CHI,OAK,42.0,2.0,2911
2015-10-04,KC_vs_CIN,CIN,KC,57.0,15.0,1349
2015-10-04,JAX_vs_IND,IND,JAX,29.0,3.0,758
2015-10-04,CAR_vs_TB,TB,CAR,60.0,14.0,2325
2015-10-04,PHI_vs_WAS,WAS,PHI,43.0,3.0,2569
2015-10-04,CLE_vs_SD,SD,CLE,57.0,3.0,1491
2015-10-04,STL_vs_ARI,ARI,STL,46.0,2.0,115
2015-10-04,MIN_vs_DEN,DEN,MIN,43.0,3.0,2621
2015-10-04,GB_vs_SF,SF,GB,20.0,14.0,5223
2015-10-04,DAL_vs_NO,NO,DAL,46.0,6.0,9418
2015-10-05,DET_vs_SEA,SEA,DET,23.0,3.0,6553
2015-10-08,IND_vs_HOU,HOU,IND,47.0,7.0,3753
2015-10-11,WAS_vs_ATL,ATL,WAS,44.0,6.0,3634
2015-10-11,CLE_vs_BAL,BAL,CLE,63.0,3.0,1704
2015-10-11,SEA_vs_CIN,CIN,SEA,51.0,3.0,4612
2015-10-11,STL_vs_GB,GB,STL,34.0,14.0,5622
2015-10-11,CHI_vs_KC,KC,CHI,35.0,1.0,1627
2015-10-11,NO_vs_PHI,PHI,NO,56.0,22.0,1433
2015-10-11,JAX_vs_TB,TB,JAX,69.0,7.0,835
2015-10-11,BUF_vs_TEN,TEN,BUF,27.0,1.0,1080
2015-10-11,ARI_vs_DET,DET,ARI,59.0,25.0,149
2015-10-11,NE_vs_DAL,DAL,NE,36.0,24.0,8704
2015-10-11,DEN_vs_OAK,OAK,DEN,26.0,6.0,3620
2015-10-11,SF_vs_NYG,NYG,SF,57.0,3.0,7766
2015-10-12,PIT_vs_SD,SD,PIT,44.0,4.0,3979
2015-10-15,ATL_vs_NO,NO,ATL,52.0,10.0,5148
2015-10-18,CIN_vs_BUF,BUF,CIN,55.0,13.0,1840
2015-10-18,DEN_vs_CLE,CLE,DEN,49.0,3.0,3089
2015-10-18,CHI_vs_DET,DET,CHI,71.0,3.0,3077
2015-10-18,HOU_vs_JAX,JAX,HOU,51.0,11.0,536
2015-10-18,KC_vs_MIN,MIN,KC,26.0,6.0,559
2015-10-18,WAS_vs_NYJ,NYJ,WAS,54.0,14.0,1867
2015-10-18,ARI_vs_PIT,PIT,ARI,38.0,12.0,342
2015-10-18,MIA_vs_TEN,TEN,MIA,48.0,28.0,1374
2015-10-18,CAR_vs_SEA,SEA,CAR,50.0,4.0,5987
2015-10-18,SD_vs_GB,GB,SD,47.0,7.0,5362
2015-10-18,BAL_vs_SF,SF,BAL,45.0,5.0,1668
2015-10-18,NE_vs_IND,IND,NE,61.0,7.0,11575
2015-10-19,NYG_vs_PHI,PHI,NYG,34.0,20.0,5171
2015-10-22,SEA_vs_SF,SF,SEA,23.0,17.0,5484
2015-10-25,BUF_vs_JAX,JAX,BUF,65.0,3.0,2699
2015-10-25,MIN_vs_DET,DET,MIN,47.0,9.0,1835
2015-10-25,NO_vs_IND,IND,NO,48.0,6.0,1045
2015-10-25,PIT_vs_KC,KC,PIT,36.0,10.0,937
2015-10-25,HOU_vs_MIA,MIA,HOU,70.0,18.0,1611
2015-10-25,NYJ_vs_NE,NE,NYJ,53.0,7.0,6124
2015-10-25,CLE_vs_STL,STL,CLE,30.0,18.0,1645
2015-10-25,ATL_vs_TEN,TEN,ATL,17.0,3.0,1500
2015-10-25,TB_vs_WAS,WAS,TB,61.0,1.0,1660
2015-10-25,OAK_vs_SD,SD,OAK,66.0,8.0,3245
2015-10-25,DAL_vs_NYG,NYG,DAL,47.0,7.0,8690
2015-10-25,PHI_vs_CAR,CAR,PHI,43.0,11.0,5312
2015-10-26,BAL_vs_ARI,ARI,BAL,44.0,8.0,214
2015-10-29,MIA_vs_NE,NE,MIA,43.0,29.0,8710
2015-11-01,DET_vs_KC,KC,DET,55.0,35.0,1049
2015-11-01,TB_vs_ATL,ATL,TB,43.0,3.0,1500
2015-11-01,SD_vs_BAL,BAL,SD,55.0,3.0,901
2015-11-01,MIN_vs_CHI,CHI,MIN,43.0,3.0,1592
2015-11-01,ARI_vs_CLE,CLE,ARI,54.0,14.0,70
2015-11-01,TEN_vs_HOU,HOU,TEN,26.0,14.0,268
2015-11-01,NYG_vs_NO,NO,NYG,101.0,3.0,3709
2015-11-01,CIN_vs_PIT,PIT,CIN,26.0,6.0,1666
2015-11-01,SF_vs_STL,STL,SF,33.0,21.0,1255
2015-11-01,NYJ_vs_OAK,OAK,NYJ,54.0,14.0,1574
2015-11-01,SEA_vs_DAL,DAL,SEA,25.0,1.0,4973
2015-11-01,GB_vs_DEN,DEN,GB,39.0,19.0,4988
2015-11-02,IND_vs_CAR,CAR,IND,55.0,3.0,3862
2015-11-05,CLE_vs_CIN,CIN,CLE,41.0,21.0,3272
2015-11-08,MIA_vs_BUF,BUF,MIA,50.0,16.0,884
2015-11-08,GB_vs_CAR,CAR,GB,66.0,8.0,5402
2015-11-08,STL_vs_MIN,MIN,STL,39.0,3.0,1150
2015-11-08,WAS_vs_NE,NE,WAS,37.0,17.0,2684
2015-11-08,TEN_vs_NO,NO,TEN,62.0,6.0,647
2015-11-08,JAX_vs_NYJ,NYJ,JAX,51.0,5.0,792
2015-11-08,OAK_vs_PIT,PIT,OAK,73.0,3.0,1983
2015-11-08,ATL_vs_SF,SF,ATL,33.0,1.0,1251
2015-11-08,NYG_vs_TB,TB,NYG,50.0,14.0,1187
2015-11-08,DEN_vs_IND,IND,DEN,51.0,3.0,2321
2015-11-08,PHI_vs_DAL,DAL,PHI,60.0,6.0,7695
2015-11-09,CHI_vs_SD,SD,CHI,41.0,3.0,2360
2015-11-12,BUF_vs_NYJ,NYJ,BUF,39.0,5.0,4304
2015-11-15,JAX_vs_BAL,BAL,JAX,42.0,2.0,268
2015-11-15,DET_vs_GB,GB,DET,34.0,2.0,2102
2015-11-15,MIA_vs_PHI,PHI,MIA,39.0,1.0,535
2015-11-15,CLE_vs_PIT,PIT,CLE,39.0,21.0,1543
2015-11-15,CHI_vs_STL,STL,CHI,50.0,24.0,1341
2015-11-15,DAL_vs_TB,TB,DAL,16.0,4.0,1378
2015-11-15,CAR_vs_TEN,TEN,CAR,37.0,17.0,2460
2015-11-15,NO_vs_WAS,WAS,NO,61.0,33.0,1254
2015-11-15,MIN_vs_OAK,OAK,MIN,44.0,16.0,737
2015-11-15,KC_vs_DEN,DEN,KC,42.0,16.0,1607
2015-11-15,NE_vs_NYG,NYG,NE,53.0,1.0,6215
2015-11-15,ARI_vs_SEA,SEA,ARI,71.0,7.0,580
2015-11-16,HOU_vs_CIN,CIN,HOU,16.0,4.0,1786
2015-11-19,TEN_vs_JAX,JAX,TEN,32.0,6.0,1796
2015-11-22,IND_vs_ATL,ATL,IND,45.0,3.0,713
2015-11-22,STL_vs_BAL,BAL,STL,29.0,3.0,151
2015-11-22,WAS_vs_CAR,CAR,WAS,60.0,28.0,1748
2015-11-22,DEN_vs_CHI,CHI,DEN,32.0,2.0,921
2015-11-22,OAK_vs_DET,DET,OAK,31.0,5.0,331
2015-11-22,NYJ_vs_HOU,HOU,NYJ,41.0,7.0,405
2015-11-22,DAL_vs_MIA,MIA,DAL,38.0,10.0,1420
2015-11-22,TB_vs_PHI,PHI,TB,62.0,28.0,580
2015-11-22,KC_vs_SD,SD,KC,36.0,30.0,362
2015-11-22,GB_vs_MIN,MIN,GB,43.0,17.0,1723
2015-11-22,SF_vs_SEA,SEA,SF,42.0,16.0,1023
2015-11-22,CIN_vs_ARI,ARI,CIN,65.0,3.0,36
2015-11-23,BUF_vs_NE,NE,BUF,33.0,7.0,5773
2015-11-26,PHI_vs_DET,DET,PHI,59.0,31.0,2998
2015-11-26,CAR_vs_DAL,DAL,CAR,47.0,19.0,9214
2015-11-26,CHI_vs_GB,GB,CHI,30.0,4.0,3842
2015-11-29,MIN_vs_ATL,ATL,MIN,30.0,10.0,1200
2015-11-29,STL_vs_CIN,CIN,STL,38.0,24.0,479
2015-11-29,NO_vs_HOU,HOU,NO,30.0,18.0,405
2015-11-29,TB_vs_IND,IND,TB,37.0,13.0,615
2015-11-29,SD_vs_JAX,JAX,SD,56.0,6.0,506
2015-11-29,BUF_vs_KC,KC,BUF,52.0,8.0,1245
2015-11-29,MIA_vs_NYJ,NYJ,MIA,58.0,18.0,861
2015-11-29,OAK_vs_TEN,TEN,OAK,45.0,3.0,861
2015-11-29,NYG_vs_WAS,WAS,NYG,34.0,6.0,3108
2015-11-29,ARI_vs_SF,SF,ARI,32.0,6.0,121
2015-11-29,PIT_vs_SEA,SEA,PIT,69.0,9.0,3210
2015-11-29,NE_vs_DEN,DEN,NE,54.0,6.0,12864
2015-11-30,BAL_vs_CLE,CLE,BAL,60.0,6.0,3993
2015-12-03,GB_vs_DET,DET,GB,50.0,4.0,15897
2015-12-06,HOU_vs_BUF,BUF,HOU,51.0,9.0,1180
2015-12-06,SF_vs_CHI,CHI,SF,46.0,6.0,3057
2015-12-06,CIN_vs_CLE,CLE,CIN,40.0,34.0,1162
2015-12-06,BAL_vs_MIA,MIA,BAL,28.0,2.0,552
2015-12-06,SEA_vs_MIN,MIN,SEA,45.0,31.0,4450
2015-12-06,NYJ_vs_NYG,NYG,NYJ,43.0,3.0,4864
2015-12-06,ARI_vs_STL,STL,ARI,30.0,24.0,215
2015-12-06,ATL_vs_TB,TB,ATL,42.0,4.0,1446
2015-12-06,JAX_vs_TEN,TEN,JAX,81.0,3.0,1463
2015-12-06,KC_vs_OAK,OAK,KC,54.0,14.0,2087
2015-12-06,DEN_vs_SD,SD,DEN,20.0,14.0,1645
2015-12-06,PHI_vs_NE,NE,PHI,63.0,7.0,8724
2015-12-06,CAR_vs_NO,NO,CAR,79.0,3.0,7222
2015-12-06,IND_vs_PIT,PIT,IND,55.0,35.0,2930
2015-12-07,DAL_vs_WAS,WAS,DAL,35.0,3.0,10093
2015-12-10,MIN_vs_ARI,ARI,MIN,43.0,3.0,201
2015-12-13,SEA_vs_BAL,BAL,SEA,41.0,29.0,3639
2015-12-13,ATL_vs_CAR,CAR,ATL,38.0,38.0,5887
2015-12-13,WAS_vs_CHI,CHI,WAS,45.0,3.0,1703
2015-12-13,PIT_vs_CIN,CIN,PIT,53.0,13.0,2000
2015-12-13,SF_vs_CLE,CLE,SF,34.0,14.0,1550
2015-12-13,IND_vs_JAX,JAX,IND,67.0,35.0,770
2015-12-13,SD_vs_KC,KC,SD,13.0,7.0,953
2015-12-13,TEN_vs_NYJ,NYJ,TEN,38.0,22.0,1257
2015-12-13,BUF_vs_PHI,PHI,BUF,43.0,3.0,1983
2015-12-13,DET_vs_STL,STL,DET,35.0,7.0,953
2015-12-13,NO_vs_TB,TB,NO,41.0,7.0,481
2015-12-13,OAK_vs_DEN,DEN,OAK,27.0,3.0,3184
2015-12-13,DAL_vs_GB,GB,DAL,35.0,21.0,8347
2015-12-13,NE_vs_HOU,HOU,NE,33.0,21.0,7190
2015-12-14,NYG_vs_MIA,MIA,NYG,55.0,7.0,6086
2015-12-17,TB_vs_STL,STL,TB,54.0,8.0,3302
2015-12-19,NYJ_vs_DAL,DAL,NYJ,35.0,3.0,6194
2015-12-20,KC_vs_BAL,BAL,KC,48.0,20.0,1039
2015-12-20,HOU_vs_IND,IND,HOU,26.0,6.0,869
2015-12-20,ATL_vs_JAX,JAX,ATL,40.0,6.0,1053
2015-12-20,CHI_vs_MIN,MIN,CHI,55.0,21.0,888
2015-12-20,TEN_vs_NE,NE,TEN,49.0,17.0,3630
2015-12-20,CAR_vs_NYG,NYG,CAR,73.0,3.0,16778
2015-12-20,BUF_vs_WAS,WAS,BUF,60.0,10.0,1884
2015-12-20,GB_vs_OAK,OAK,GB,50.0,10.0,4919
2015-12-20,CLE_vs_SEA,SEA,CLE,43.0,17.0,3375
2015-12-20,DEN_vs_PIT,PIT,DEN,61.0,7.0,2773
2015-12-20,MIA_vs_SD,SD,MIA,44.0,16.0,1304
2015-12-20,CIN_vs_SF,SF,CIN,38.0,10.0,944
2015-12-20,ARI_vs_PHI,PHI,ARI,57.0,23.0,453
2015-12-21,DET_vs_NO,NO,DET,62.0,8.0,2629
2015-12-24,SD_vs_OAK,OAK,SD,43.0,3.0,4556
2015-12-26,WAS_vs_PHI,PHI,WAS,62.0,14.0,5374
2015-12-27,CAR_vs_ATL,ATL,CAR,33.0,7.0,7555
2015-12-27,PIT_vs_BAL,BAL,PIT,37.0,3.0,719
2015-12-27,DAL_vs_BUF,BUF,DAL,22.0,10.0,1198
2015-12-27,SF_vs_DET,DET,SF,49.0,15.0,1001
2015-12-27,CLE_vs_KC,KC,CLE,30.0,4.0,1572
2015-12-27,IND_vs_MIA,MIA,IND,30.0,6.0,1176
2015-12-27,NE_vs_NYJ,NYJ,NE,46.0,6.0,6902
2015-12-27,CHI_vs_TB,TB,CHI,47.0,5.0,820
2015-12-27,HOU_vs_TEN,TEN,HOU,40.0,28.0,639
2015-12-27,JAX_vs_NO,NO,JAX,65.0,11.0,696
2015-12-27,GB_vs_ARI,ARI,GB,46.0,30.0,112
2015-12-27,STL_vs_SEA,SEA,STL,40.0,6.0,3629
2015-12-27,NYG_vs_MIN,MIN,NYG,66.0,32.0,2994
2015-12-28,CIN_vs_DEN,DEN,CIN,37.0,3.0,6313
2016-01-03,NO_vs_ATL,ATL,NO,37.0,3.0,1708
2016-01-03,NYJ_vs_BUF,BUF,NYJ,39.0,5.0,3126
2016-01-03,DET_vs_CHI,CHI,DET,44.0,4.0,1057
2016-01-03,BAL_vs_CIN,CIN,BAL,40.0,8.0,524
2016-01-03,PIT_vs_CLE,CLE,PIT,40.0,16.0,1590
2016-01-03,WAS_vs_DAL,DAL,WAS,57.0,11.0,2129
2016-01-03,JAX_vs_HOU,HOU,JAX,36.0,24.0,711
2016-01-03,TEN_vs_IND,IND,TEN,54.0,6.0,741
2016-01-03,NE_vs_MIA,MIA,NE,30.0,10.0,3132
2016-01-03,PHI_vs_NYG,NYG,PHI,65.0,5.0,1711
2016-01-03,SEA_vs_ARI,ARI,SEA,42.0,30.0,94
2016-01-03,TB_vs_CAR,CAR,TB,48.0,28.0,2867
2016-01-03,SD_vs_DEN,DEN,SD,47.0,7.0,2784
2016-01-03,OAK_vs_KC,KC,OAK,40.0,6.0,1822
2016-01-03,STL_vs_SF,SF,STL,35.0,3.0,1147
2016-01-03,MIN_vs_GB,GB,MIN,33.0,7.0,7486
2016-09-08,CAR_vs_DEN,DEN,CAR,41.0,1.0,1995
2016-09-11,TB_vs_ATL,ATL,TB,55.0,7.0,784
2016-09-11,BUF_vs_BAL,BAL,BUF,20.0,6.0,270
2016-09-11,CHI_vs_HOU,HOU,CHI,37.0,9.0,517
2016-09-11,GB_vs_JAX,JAX,GB,50.0,4.0,2309
2016-09-11,SD_vs_KC,KC,SD,60.0,6.0,830
2016-09-11,OAK_vs_NO,NO,OAK,69.0,1.0,2563
2016-09-11,CIN_vs_NYJ,NYJ,CIN,45.0,1.0,874
2016-09-11,CLE_vs_PHI,PHI,CLE,39.0,19.0,1696
2016-09-11,MIN_vs_TEN,TEN,MIN,41.0,9.0,341
2016-09-11,MIA_vs_SEA,SEA,MIA,22.0,2.0,1585
2016-09-11,NYG_vs_DAL,DAL,NYG,39.0,1.0,8630
2016-09-11,DET_vs_IND,IND,DET,74.0,4.0,2277
2016-09-11,NE_vs_ARI,ARI,NE,44.0,2.0,44
2016-09-12,PIT_vs_WAS,WAS,PIT,54.0,22.0,2427
2016-09-12,LA_vs_SF,SF,LA,28.0,28.0,1641
2016-09-15,NYJ_vs_BUF,BUF,NYJ,68.0,6.0,2624
2016-09-18,TB_vs_ARI,ARI,TB,47.0,33.0,90
2016-09-18,SF_vs_CAR,CAR,SF,73.0,19.0,2763
2016-09-18,BAL_vs_CLE,CLE,BAL,45.0,5.0,1675
2016-09-18,TEN_vs_DET,DET,TEN,31.0,1.0,1864
2016-09-18,KC_vs_HOU,HOU,KC,31.0,7.0,1106
2016-09-18,MIA_vs_NE,NE,MIA,55.0,7.0,5626
2016-09-18,NO_vs_NYG,NYG,NO,29.0,3.0,3785
2016-09-18,CIN_vs_PIT,PIT,CIN,40.0,8.0,1766
2016-09-18,DAL_vs_WAS,WAS,DAL,50.0,4.0,8285
2016-09-18,SEA_vs_LA,LA,SEA,12.0,6.0,3264
2016-09-18,IND_vs_DEN,DEN,IND,54.0,14.0,1998
2016-09-18,ATL_vs_OAK,OAK,ATL,63.0,7.0,2960
2016-09-18,JAX_vs_SD,SD,JAX,52.0,24.0,1727
2016-09-18,GB_vs_MIN,MIN,GB,31.0,3.0,6872
2016-09-19,PHI_vs_CHI,CHI,PHI,43.0,15.0,2051
2016-09-22,HOU_vs_NE,NE,HOU,27.0,27.0,4362
2016-09-25,ARI_vs_BUF,BUF,ARI,51.0,15.0,64
2016-09-25,MIN_vs_CAR,CAR,MIN,32.0,12.0,584
2016-09-25,DEN_vs_CIN,CIN,DEN,46.0,12.0,607
2016-09-25,DET_vs_GB,GB,DET,61.0,7.0,1232
2016-09-25,BAL_vs_JAX,JAX,BAL,36.0,2.0,379
2016-09-25,CLE_vs_MIA,MIA,CLE,54.0,6.0,415
2016-09-25,WAS_vs_NYG,NYG,WAS,56.0,2.0,3458
2016-09-25,OAK_vs_TEN,TEN,OAK,27.0,7.0,655
2016-09-25,SF_vs_SEA,SEA,SF,55.0,19.0,764
2016-09-25,LA_vs_TB,TB,LA,69.0,5.0,297
2016-09-25,SD_vs_IND,IND,SD,48.0,4.0,405
2016-09-25,NYJ_vs_KC,KC,NYJ,27.0,21.0,493
2016-09-25,PIT_vs_PHI,PHI,PIT,37.0,31.0,1022
2016-09-25,CHI_vs_DAL,DAL,CHI,48.0,14.0,4348
2016-09-26,ATL_vs_NO,NO,ATL,77.0,13.0,3030
2016-09-29,MIA_vs_CIN,CIN,MIA,29.0,15.0,2065
2016-10-02,IND_vs_JAX,JAX,IND,57.0,3.0,901
2016-10-02,CAR_vs_ATL,ATL,CAR,81.0,15.0,1452
2016-10-02,OAK_vs_BAL,BAL,OAK,55.0,1.0,838
2016-10-02,DET_vs_CHI,CHI,DET,31.0,3.0,858
2016-10-02,TEN_vs_HOU,HOU,TEN,47.0,7.0,185
2016-10-02,BUF_vs_NE,NE,BUF,16.0,16.0,1026
2016-10-02,SEA_vs_NYJ,NYJ,SEA,44.0,10.0,1179
2016-10-02,CLE_vs_WAS,WAS,CLE,51.0,11.0,611
2016-10-02,DEN_vs_TB,TB,DEN,34.0,20.0,435
2016-10-02,LA_vs_ARI,ARI,LA,30.0,4.0,4
2016-10-02,NO_vs_SD,SD,NO,69.0,1.0,676
2016-10-02,DAL_vs_SF,SF,DAL,41.0,7.0,1074
2016-10-02,KC_vs_PIT,PIT,KC,57.0,29.0,815
2016-10-03,NYG_vs_MIN,MIN,NYG,34.0,14.0,1836
2016-10-06,ARI_vs_SF,SF,ARI,54.0,12.0,31
2016-10-09,WAS_vs_BAL,BAL,WAS,26.0,6.0,617
2016-10-09,NE_vs_CLE,CLE,NE,46.0,20.0,2238
2016-10-09,PHI_vs_DET,DET,PHI,47.0,1.0,514
2016-10-09,CHI_vs_IND,IND,CHI,52.0,6.0,326
2016-10-09,TEN_vs_MIA,MIA,TEN,47.0,13.0,392
2016-10-09,HOU_vs_MIN,MIN,HOU,44.0,18.0,202
2016-10-09,NYJ_vs_PIT,PIT,NYJ,44.0,18.0,321
2016-10-09,ATL_vs_DEN,DEN,ATL,39.0,7.0,1013
2016-10-09,CIN_vs_DAL,DAL,CIN,42.0,14.0,2697
2016-10-09,BUF_vs_LA,LA,BUF,49.0,11.0,367
2016-10-09,SD_vs_OAK,OAK,SD,65.0,3.0,922
2016-10-09,NYG_vs_GB,GB,NYG,39.0,7.0,2313
2016-10-10,TB_vs_CAR,CAR,TB,31.0,3.0,2578
2016-10-13,DEN_vs_SD,SD,DEN,34.0,8.0,1726
2016-10-16,SF_vs_BUF,BUF,SF,61.0,29.0,680
2016-10-16,JAX_vs_CHI,CHI,JAX,33.0,1.0,187
2016-10-16,LA_vs_DET,DET,LA,59.0,3.0,302
2016-10-16,PIT_vs_MIA,MIA,PIT,45.0,15.0,312
2016-10-16,CIN_vs_NE,NE,CIN,52.0,18.0,964
2016-10-16,CAR_vs_NO,NO,CAR,79.0,3.0,658
2016-10-16,BAL_vs_NYG,NYG,BAL,50.0,4.0,946
2016-10-16,CLE_vs_TEN,TEN,CLE,54.0,2.0,274
2016-10-16,PHI_vs_WAS,WAS,PHI,47.0,7.0,793
2016-10-16,KC_vs_OAK,OAK,KC,36.0,16.0,575
2016-10-16,DAL_vs_GB,GB,DAL,46.0,14.0,3977
2016-10-16,ATL_vs_SEA,SEA,ATL,50.0,2.0,1574
2016-10-16,IND_vs_HOU,HOU,IND,49.0,3.0,270
2016-10-17,NYJ_vs_ARI,ARI,NYJ,31.0,25.0,19
2016-10-20,CHI_vs_GB,GB,CHI,36.0,16.0,2388
2016-10-23,NYG_vs_LA,LA,NYG,27.0,7.0,4516
2016-10-23,CLE_vs_CIN,CIN,CLE,48.0,14.0,1828
2016-10-23,WAS_vs_DET,DET,WAS,37.0,3.0,1675
2016-10-23,OAK_vs_JAX,JAX,OAK,49.0,17.0,1485
2016-10-23,NO_vs_KC,KC,NO,48.0,6.0,1023
2016-10-23,BUF_vs_MIA,MIA,BUF,53.0,3.0,1554
2016-10-23,BAL_vs_NYJ,NYJ,BAL,40.0,8.0,920
2016-10-23,MIN_vs_PHI,PHI,MIN,31.0,11.0,2169
2016-10-23,IND_vs_TEN,TEN,IND,60.0,8.0,650
2016-10-23,SD_vs_ATL,ATL,SD,63.0,3.0,3317
2016-10-23,TB_vs_SF,SF,TB,51.0,17.0,820
2016-10-23,NE_vs_PIT,PIT,NE,43.0,11.0,2964
2016-10-23,SEA_vs_ARI,ARI,SEA,12.0,0.0,124
2016-10-24,HOU_vs_DEN,DEN,HOU,36.0,18.0,447
2016-10-27,JAX_vs_TEN,TEN,JAX,58.0,14.0,433
2016-10-30,WAS_vs_CIN,CIN,WAS,54.0,0.0,332
2016-10-30,NE_vs_BUF,BUF,NE,66.0,16.0,739
2016-10-30,ARI_vs_CAR,CAR,ARI,50.0,10.0,31
2016-10-30,NYJ_vs_CLE,CLE,NYJ,59.0,3.0,176
2016-10-30,DET_vs_HOU,HOU,DET,33.0,7.0,90
2016-10-30,KC_vs_IND,IND,KC,44.0,16.0,209
2016-10-30,SEA_vs_NO,NO,SEA,45.0,5.0,556
2016-10-30,OAK_vs_TB,TB,OAK,54.0,6.0,511
2016-10-30,SD_vs_DEN,DEN,SD,46.0,8.0,502
2016-10-30,GB_vs_ATL,ATL,GB,65.0,1.0,1000
2016-10-30,PHI_vs_DAL,DAL,PHI,52.0,6.0,2483
2016-10-31,MIN_vs_CHI,CHI,MIN,30.0,10.0,589
2016-11-03,ATL_vs_TB,TB,ATL,71.0,15.0,2218
2016-11-06,PIT_vs_BAL,BAL,PIT,35.0,7.0,863
2016-11-06,DAL_vs_CLE,CLE,DAL,45.0,25.0,4026
2016-11-06,JAX_vs_KC,KC,JAX,33.0,5.0,1463
2016-11-06,NYJ_vs_MIA,MIA,NYJ,50.0,4.0,1157
2016-11-06,DET_vs_MIN,MIN,DET,38.0,6.0,1198
2016-11-06,PHI_vs_NYG,NYG,PHI,51.0,5.0,2169
2016-11-06,CAR_vs_LA,LA,CAR,23.0,3.0,863
2016-11-06,NO_vs_SF,SF,NO,64.0,18.0,1647
2016-11-06,IND_vs_GB,GB,IND,57.0,5.0,2582
2016-11-06,TEN_vs_SD,SD,TEN,78.0,8.0,1314
2016-11-06,DEN_vs_OAK,OAK,DEN,50.0,10.0,4210
2016-11-07,BUF_vs_SEA,SEA,BUF,56.0,6.0,1372
2016-11-10,CLE_vs_BAL,BAL,CLE,35.0,21.0,981
2016-11-13,KC_vs_CAR,CAR,KC,37.0,3.0,745
2016-11-13,HOU_vs_JAX,JAX,HOU,45.0,3.0,117
2016-11-13,DEN_vs_NO,NO,DEN,48.0,2.0,1547
2016-11-13,LA_vs_NYJ,NYJ,LA,15.0,3.0,315
2016-11-13,ATL_vs_PHI,PHI,ATL,39.0,9.0,564
2016-11-13,CHI_vs_TB,TB,CHI,46.0,26.0,286
2016-11-13,GB_vs_TEN,TEN,GB,72.0,22.0,619
2016-11-13,MIN_vs_WAS,WAS,MIN,46.0,6.0,520
2016-11-13,MIA_vs_SD,SD,MIA,55.0,7.0,573
2016-11-13,SF_vs_ARI,ARI,SF,43.0,3.0,21
2016-11-13,DAL_vs_PIT,PIT,DAL,65.0,5.0,6481
2016-11-13,SEA_vs_NE,NE,SEA,55.0,7.0,3834
2016-11-14,CIN_vs_NYG,NYG,CIN,41.0,1.0,2784
2016-11-17,NO_vs_CAR,CAR,NO,43.0,3.0,1222
2016-11-20,BUF_vs_CIN,CIN,BUF,28.0,4.0,366
2016-11-20,PIT_vs_CLE,CLE,PIT,33.0,15.0,383
2016-11-20,BAL_vs_DAL,DAL,BAL,44.0,10.0,4247
2016-11-20,JAX_vs_DET,DET,JAX,45.0,7.0,480
2016-11-20,TEN_vs_IND,IND,TEN,41.0,7.0,575
2016-11-20,TB_vs_KC,KC,TB,36.0,2.0,423
2016-11-20,ARI_vs_MIN,MIN,ARI,54.0,6.0,91
2016-11-20,CHI_vs_NYG,NYG,CHI,38.0,6.0,978
2016-11-20,MIA_vs_LA,LA,MIA,24.0,4.0,715
2016-11-20,PHI_vs_SEA,SEA,PHI,41.0,11.0,2019
2016-11-20,NE_vs_SF,SF,NE,47.0,13.0,2405
2016-11-20,GB_vs_WAS,WAS,GB,66.0,18.0,2117
2016-11-21,HOU_vs_OAK,OAK,HOU,47.0,7.0,1660
2016-11-24,MIN_vs_DET,DET,MIN,29.0,3.0,3382
2016-11-24,WAS_vs_DAL,DAL,WAS,57.0,5.0,14188
2016-11-24,PIT_vs_IND,IND,PIT,35.0,21.0,1887
2016-11-27,ARI_vs_ATL,ATL,ARI,57.0,19.0,74
2016-11-27,CIN_vs_BAL,BAL,CIN,33.0,5.0,350
2016-11-27,JAX_vs_BUF,BUF,JAX,49.0,7.0,498
2016-11-27,TEN_vs_CHI,CHI,TEN,48.0,6.0,339
2016-11-27,NYG_vs_CLE,CLE,NYG,40.0,14.0,1746
2016-11-27,SD_vs_HOU,HOU,SD,34.0,8.0,446
2016-11-27,SF_vs_MIA,MIA,SF,55.0,7.0,616
2016-11-27,LA_vs_NO,NO,LA,70.0,28.0,823
2016-11-27,SEA_vs_TB,TB,SEA,19.0,9.0,1081
2016-11-27,NE_vs_NYJ,NYJ,NE,39.0,5.0,1632
2016-11-27,CAR_vs_OAK,OAK,CAR,67.0,3.0,2224
2016-11-27,KC_vs_DEN,DEN,KC,57.0,3.0,6697
2016-11-28,GB_vs_PHI,PHI,GB,40.0,14.0,4341
2016-12-01,DAL_vs_MIN,MIN,DAL,32.0,2.0,12410
2016-12-04,KC_vs_ATL,ATL,KC,57.0,1.0,2253
2016-12-04,MIA_vs_BAL,BAL,MIA,44.0,32.0,625
2016-12-04,SF_vs_CHI,CHI,SF,32.0,20.0,1484
2016-12-04,PHI_vs_CIN,CIN,PHI,46.0,18.0,904
2016-12-04,HOU_vs_GB,GB,HOU,34.0,8.0,3318
2016-12-04,DEN_vs_JAX,JAX,DEN,30.0,10.0,819
2016-12-04,LA_vs_NE,NE,LA,36.0,16.0,2895
2016-12-04,DET_vs_NO,NO,DET,41.0,15.0,1487
2016-12-04,BUF_vs_OAK,OAK,BUF,62.0,14.0,2572
2016-12-04,WAS_vs_ARI,ARI,WAS,54.0,8.0,60
2016-12-04,NYG_vs_PIT,PIT,NYG,38.0,10.0,3181
2016-12-04,TB_vs_SD,SD,TB,49.0,7.0,933
2016-12-04,CAR_vs_SEA,SEA,CAR,47.0,33.0,5626
2016-12-05,IND_vs_NYJ,NYJ,IND,51.0,31.0,3076
2016-12-08,OAK_vs_KC,KC,OAK,34.0,8.0,4709
2016-12-11,PIT_vs_BUF,BUF,PIT,47.0,7.0,1908
2016-12-11,SD_vs_CAR,CAR,SD,44.0,12.0,1000
2016-12-11,CIN_vs_CLE,CLE,CIN,33.0,13.0,1029
2016-12-11,CHI_vs_DET,DET,CHI,37.0,3.0,1294
2016-12-11,HOU_vs_IND,IND,HOU,39.0,5.0,817
2016-12-11,MIN_vs_JAX,JAX,MIN,41.0,9.0,364
2016-12-11,ARI_vs_MIA,MIA,ARI,49.0,3.0,239
2016-12-11,WAS_vs_PHI,PHI,WAS,49.0,5.0,2417
2016-12-11,DEN_vs_TEN,TEN,DEN,23.0,3.0,1222
2016-12-11,NYJ_vs_SF,SF,NYJ,40.0,6.0,1311
2016-12-11,SEA_vs_GB,GB,SEA,48.0,28.0,6441
2016-12-11,ATL_vs_LA,LA,ATL,56.0,28.0,1958
2016-12-11,NO_vs_TB,TB,NO,27.0,5.0,1290
2016-12-11,DAL_vs_NYG,NYG,DAL,17.0,3.0,13329
2016-12-12,BAL_vs_NE,NE,BAL,53.0,7.0,6255
2016-12-15,LA_vs_SEA,SEA,LA,27.0,21.0,4750
2016-12-17,MIA_vs_NYJ,NYJ,MIA,47.0,21.0,2362
2016-12-18,PHI_vs_BAL,BAL,PHI,53.0,1.0,670
2016-12-18,CLE_vs_BUF,BUF,CLE,46.0,20.0,630
2016-12-18,GB_vs_CHI,CHI,GB,57.0,3.0,4343
2016-12-18,PIT_vs_CIN,CIN,PIT,44.0,4.0,1092
2016-12-18,JAX_vs_HOU,HOU,JAX,41.0,1.0,835
2016-12-18,TEN_vs_KC,KC,TEN,36.0,2.0,1424
2016-12-18,IND_vs_MIN,MIN,IND,40.0,28.0,603
2016-12-18,DET_vs_NYG,NYG,DET,23.0,11.0,3363
2016-12-18,NO_vs_ARI,ARI,NO,89.0,7.0,58
2016-12-18,SF_vs_ATL,ATL,SF,54.0,28.0,1233
2016-12-18,NE_vs_DEN,DEN,NE,19.0,13.0,3498
2016-12-18,OAK_vs_SD,SD,OAK,35.0,3.0,2304
2016-12-18,TB_vs_DAL,DAL,TB,46.0,6.0,9422
2016-12-19,CAR_vs_WAS,WAS,CAR,41.0,11.0,1188
2016-12-22,NYG_vs_PHI,PHI,NYG,43.0,5.0,4403
2016-12-24,MIA_vs_BUF,BUF,MIA,65.0,3.0,1572
2016-12-24,ATL_vs_CAR,CAR,ATL,49.0,17.0,1590
2016-12-24,WAS_vs_CHI,CHI,WAS,62.0,20.0,1407
2016-12-24,SD_vs_CLE,CLE,SD,37.0,3.0,2485
2016-12-24,MIN_vs_GB,GB,MIN,63.0,13.0,4329
2016-12-24,TEN_vs_JAX,JAX,TEN,55.0,21.0,894
2016-12-24,NYJ_vs_NE,NE,NYJ,44.0,38.0,3311
2016-12-24,IND_vs_OAK,OAK,IND,58.0,8.0,1911
2016-12-24,SF_vs_LA,LA,SF,43.0,1.0,1193
2016-12-24,TB_vs_NO,NO,TB,55.0,7.0,779
2016-12-24,ARI_vs_SEA,SEA,ARI,65.0,3.0,651
2016-12-24,CIN_vs_HOU,HOU,CIN,22.0,2.0,1524
2016-12-25,BAL_vs_PIT,PIT,BAL,58.0,4.0,3660
2016-12-25,DEN_vs_KC,KC,DEN,43.0,23.0,3813
2016-12-26,DET_vs_DAL,DAL,DET,63.0,21.0,15315
2017-01-01,BAL_vs_CIN,CIN,BAL,37.0,17.0,67
2017-01-01,JAX_vs_IND,IND,JAX,44.0,4.0,114
2017-01-01,NE_vs_MIA,MIA,NE,49.0,21.0,470
2017-01-01,CHI_vs_MIN,MIN,CHI,48.0,28.0,112
2017-01-01,BUF_vs_NYJ,NYJ,BUF,40.0,20.0,205
2017-01-01,DAL_vs_PHI,PHI,DAL,40.0,14.0,1241
2017-01-01,CLE_vs_PIT,PIT,CLE,51.0,3.0,440
2017-01-01,CAR_vs_TB,TB,CAR,33.0,1.0,204
2017-01-01,HOU_vs_TEN,TEN,HOU,41.0,7.0,98
2017-01-01,NO_vs_ATL,ATL,NO,70.0,6.0,562
2017-01-01,OAK_vs_DEN,DEN,OAK,30.0,18.0,623
2017-01-01,ARI_vs_LA,LA,ARI,50.0,38.0,8
2017-01-01,KC_vs_SD,SD,KC,64.0,10.0,307
2017-01-01,SEA_vs_SF,SF,SEA,48.0,2.0,460
2017-01-01,NYG_vs_WAS,WAS,NYG,29.0,9.0,1054
2017-01-01,GB_vs_DET,DET,GB,55.0,7.0,2747
2017-09-07,KC_vs_NE,NE,KC,69.0,15.0,2778
2017-09-10,NYJ_vs_BUF,BUF,NYJ,33.0,9.0,313
2017-09-10,ATL_vs_CHI,CHI,ATL,40.0,6.0,762
2017-09-10,BAL_vs_CIN,CIN,BAL,20.0,20.0,200
2017-09-10,PIT_vs_CLE,CLE,PIT,39.0,3.0,401
2017-09-10,ARI_vs_DET,DET,ARI,58.0,12.0,16
2017-09-10,JAX_vs_HOU,HOU,JAX,36.0,22.0,153
2017-09-10,OAK_vs_TEN,TEN,OAK,42.0,10.0,1193
2017-09-10,PHI_vs_WAS,WAS,PHI,47.0,13.0,865
2017-09-10,IND_vs_LA,LA,IND,55.0,37.0,204
2017-09-10,SEA_vs_GB,GB,SEA,26.0,8.0,2821
2017-09-10,CAR_vs_SF,SF,CAR,26.0,20.0,517
2017-09-10,NYG_vs_DAL,DAL,NYG,22.0,16.0,6328
2017-09-11,NO_vs_MIN,MIN,NO,48.0,10.0,1130
2017-09-11,LAC_vs_DEN,DEN,LAC,45.0,3.0,2468
2017-09-14,HOU_vs_CIN,CIN,HOU,22.0,4.0,1879
2017-09-17,CLE_vs_BAL,BAL,CLE,34.0,14.0,227
2017-09-17,BUF_vs_CAR,CAR,BUF,12.0,6.0,329
2017-09-17,ARI_vs_IND,IND,ARI,29.0,3.0,39
2017-09-17,TEN_vs_JAX,JAX,TEN,53.0,21.0,201
2017-09-17,PHI_vs_KC,KC,PHI,47.0,7.0,694
2017-09-17,NE_vs_NO,NO,NE,56.0,16.0,1656
2017-09-17,MIN_vs_PIT,PIT,MIN,35.0,17.0,138
2017-09-17,CHI_vs_TB,TB,CHI,36.0,22.0,300
2017-09-17,MIA_vs_LAC,LAC,MIA,36.0,2.0,1037
2017-09-17,NYJ_vs_OAK,OAK,NYJ,65.0,25.0,1000
2017-09-17,DAL_vs_DEN,DEN,DAL,59.0,25.0,3226
2017-09-17,WAS_vs_LA,LA,WAS,47.0,7.0,133
2017-09-17,SF_vs_SEA,SEA,SF,21.0,3.0,874
2017-09-17,GB_vs_ATL,ATL,GB,57.0,11.0,1887
2017-09-18,DET_vs_NYG,NYG,DET,34.0,14.0,2725
2017-09-21,LA_vs_SF,SF,LA,80.0,2.0,914
2017-09-24,DEN_vs_BUF,BUF,DEN,42.0,10.0,580
2017-09-24,NO_vs_CAR,CAR,NO,47.0,21.0,567
2017-09-24,PIT_vs_CHI,CHI,PIT,40.0,6.0,761
2017-09-24,ATL_vs_DET,DET,ATL,56.0,4.0,962
2017-09-24,CLE_vs_IND,IND,CLE,59.0,3.0,336
2017-09-24,TB_vs_MIN,MIN,TB,51.0,17.0,285
2017-09-24,HOU_vs_NE,NE,HOU,69.0,3.0,986
2017-09-24,MIA_vs_NYJ,NYJ,MIA,26.0,14.0,531
2017-09-24,NYG_vs_PHI,PHI,NYG,51.0,3.0,2171
2017-09-24,SEA_vs_TEN,TEN,SEA,60.0,6.0,1004
2017-09-24,CIN_vs_GB,GB,CIN,51.0,3.0,1807
2017-09-24,KC_vs_LAC,LAC,KC,34.0,14.0,294
2017-09-24,OAK_vs_WAS,WAS,OAK,37.0,17.0,1653
2017-09-24,BAL_vs_JAX,JAX,BAL,51.0,37.0,778
2017-09-25,DAL_vs_ARI,ARI,DAL,45.0,11.0,127
2017-09-28,CHI_vs_GB,GB,CHI,49.0,21.0,4588
2017-10-01,BUF_vs_ATL,ATL,BUF,40.0,6.0,1225
2017-10-01,PIT_vs_BAL,BAL,PIT,35.0,17.0,756
2017-10-01,CIN_vs_CLE,CLE,CIN,38.0,24.0,830
2017-10-01,LA_vs_DAL,DAL,LA,65.0,5.0,420
2017-10-01,TEN_vs_HOU,HOU,TEN,71.0,43.0,1120
2017-10-01,DET_vs_MIN,MIN,DET,21.0,7.0,892
2017-10-01,CAR_vs_NE,NE,CAR,63.0,3.0,2737
2017-10-01,JAX_vs_NYJ,NYJ,JAX,43.0,3.0,1407
2017-10-01,SF_vs_ARI,ARI,SF,33.0,3.0,104
2017-10-01,PHI_vs_LAC,LAC,PHI,50.0,2.0,1295
2017-10-01,NYG_vs_TB,TB,NYG,48.0,2.0,1657
2017-10-01,OAK_vs_DEN,DEN,OAK,26.0,6.0,2190
2017-10-01,IND_vs_SEA,SEA,IND,64.0,28.0,2962
2017-10-01,NO_vs_MIA,MIA,NO,20.0,20.0,2581
2017-10-02,WAS_vs_KC,KC,WAS,49.0,9.0,2936
2017-10-05,NE_vs_TB,TB,NE,33.0,5.0,4346
2017-10-08,BUF_vs_CIN,CIN,BUF,36.0,4.0,1012
2017-10-08,NYJ_vs_CLE,CLE,NYJ,31.0,3.0,1018
2017-10-08,CAR_vs_DET,DET,CAR,51.0,3.0,1881
2017-10-08,SF_vs_IND,IND,SF,49.0,3.0,1007
2017-10-08,TEN_vs_MIA,MIA,TEN,26.0,6.0,1058
2017-10-08,LAC_vs_NYG,NYG,LAC,49.0,5.0,1773
2017-10-08,ARI_vs_PHI,PHI,ARI,41.0,27.0,170
2017-10-08,JAX_vs_PIT,PIT,JAX,39.0,21.0,856
2017-10-08,SEA_vs_LA,LA,SEA,26.0,6.0,452
2017-10-08,BAL_vs_OAK,OAK,BAL,47.0,13.0,890
2017-10-08,GB_vs_DAL,DAL,GB,66.0,4.0,12042
2017-10-08,KC_vs_HOU,HOU,KC,76.0,8.0,3029
2017-10-09,MIN_vs_CHI,CHI,MIN,37.0,3.0,4601
2017-10-12,PHI_vs_CAR,CAR,PHI,51.0,5.0,6491
2017-10-15,MIA_vs_ATL,ATL,MIA,37.0,3.0,1909
2017-10-15,CHI_vs_BAL,BAL,CHI,51.0,3.0,1390
2017-10-15,CLE_vs_HOU,HOU,CLE,50.0,16.0,464
2017-10-15,GB_vs_MIN,MIN,GB,33.0,13.0,3212
2017-10-15,DET_vs_NO,NO,DET,90.0,14.0,2021
2017-10-15,NE_vs_NYJ,NYJ,NE,41.0,7.0,3177
2017-10-15,SF_vs_WAS,WAS,SF,50.0,2.0,2063
2017-10-15,TB_vs_ARI,ARI,TB,71.0,5.0,54
2017-10-15,LA_vs_JAX,JAX,LA,44.0,10.0,382
2017-10-15,PIT_vs_KC,KC,PIT,32.0,6.0,1278
2017-10-15,LAC_vs_OAK,OAK,LAC,33.0,1.0,1536
2017-10-15,NYG_vs_DEN,DEN,NYG,33.0,13.0,2296
2017-10-16,IND_vs_TEN,TEN,IND,58.0,14.0,1209
2017-10-19,KC_vs_OAK,OAK,KC,61.0,1.0,7296
2017-10-22,TB_vs_BUF,BUF,TB,57.0,3.0,1222
2017-10-22,CAR_vs_CHI,CHI,CAR,20.0,14.0,2008
2017-10-22,TEN_vs_CLE,CLE,TEN,21.0,3.0,652
2017-10-22,NO_vs_GB,GB,NO,43.0,9.0,3232
2017-10-22,JAX_vs_IND,IND,JAX,27.0,27.0,545
2017-10-22,ARI_vs_LA,LA,ARI,33.0,33.0,8
2017-10-22,NYJ_vs_MIA,MIA,NYJ,59.0,3.0,1898
2017-10-22,BAL_vs_MIN,MIN,BAL,40.0,8.0,529
2017-10-22,DAL_vs_SF,SF,DAL,50.0,30.0,5829
2017-10-22,DEN_vs_LAC,LAC,DEN,21.0,21.0,1295
2017-10-22,SEA_vs_NYG,NYG,SEA,31.0,17.0,1937
2017-10-22,CIN_vs_PIT,PIT,CIN,43.0,15.0,1180
2017-10-22,ATL_vs_NE,NE,ATL,30.0,16.0,7250
2017-10-23,WAS_vs_PHI,PHI,WAS,58.0,10.0,6138
2017-10-26,MIA_vs_BAL,BAL,MIA,40.0,40.0,5183
2017-10-29,OAK_vs_BUF,BUF,OAK,48.0,20.0,920
2017-10-29,IND_vs_CIN,CIN,IND,47.0,1.0,431
2017-10-29,LAC_vs_NE,NE,LAC,34.0,8.0,1819
2017-10-29,CHI_vs_NO,NO,CHI,32.0,8.0,1342
2017-10-29,ATL_vs_NYJ,NYJ,ATL,45.0,5.0,686
2017-10-29,SF_vs_PHI,PHI,SF,43.0,23.0,1011
2017-10-29,CAR_vs_TB,TB,CAR,20.0,14.0,369
2017-10-29,HOU_vs_SEA,SEA,HOU,79.0,3.0,2226
2017-10-29,DAL_vs_WAS,WAS,DAL,52.0,14.0,3419
2017-10-29,PIT_vs_DET,DET,PIT,35.0,5.0,1780
2017-10-29,MIN_vs_CLE,CLE,MIN,49.0,17.0,712
2017-10-30,DEN_vs_KC,KC,DEN,48.0,10.0,2236
2017-11-02,BUF_vs_NYJ,NYJ,BUF,55.0,13.0,2245
2017-11-05,ATL_vs_CAR,CAR,ATL,37.0,3.0,1235
2017-11-05,IND_vs_HOU,HOU,IND,34.0,6.0,383
2017-11-05,CIN_vs_JAX,JAX,CIN,30.0,16.0,1540
2017-11-05,TB_vs_NO,NO,TB,40.0,20.0,1899
2017-11-05,LA_vs_NYG,NYG,LA,68.0,34.0,224
2017-11-05,DEN_vs_PHI,PHI,DEN,74.0,28.0,2146
2017-11-05,BAL_vs_TEN,TEN,BAL,43.0,3.0,335
2017-11-05,WAS_vs_SEA,SEA,WAS,31.0,3.0,2866
2017-11-05,ARI_vs_SF,SF,ARI,30.0,10.0,47
2017-11-05,KC_vs_DAL,DAL,KC,45.0,11.0,5722
2017-11-05,OAK_vs_MIA,MIA,OAK,51.0,3.0,3295
2017-11-06,DET_vs_GB,GB,DET,47.0,13.0,2314
2017-11-09,SEA_vs_ARI,ARI,SEA,38.0,6.0,261
2017-11-12,NO_vs_BUF,BUF,NO,57.0,37.0,2189
2017-11-12,GB_vs_CHI,CHI,GB,39.0,7.0,3175
2017-11-12,CLE_vs_DET,DET,CLE,62.0,14.0,870
2017-11-12,PIT_vs_IND,IND,PIT,37.0,3.0,821
2017-11-12,LAC_vs_JAX,JAX,LAC,37.0,3.0,1046
2017-11-12,NYJ_vs_TB,TB,NYJ,25.0,5.0,559
2017-11-12,CIN_vs_TEN,TEN,CIN,44.0,4.0,753
2017-11-12,MIN_vs_WAS,WAS,MIN,68.0,8.0,1760
2017-11-12,HOU_vs_LA,LA,HOU,40.0,26.0,432
2017-11-12,DAL_vs_ATL,ATL,DAL,34.0,20.0,3627
2017-11-12,NYG_vs_SF,SF,NYG,52.0,10.0,1798
2017-11-12,NE_vs_DEN,DEN,NE,57.0,25.0,4561
2017-11-13,MIA_vs_CAR,CAR,MIA,66.0,24.0,2129
2017-11-16,TEN_vs_PIT,PIT,TEN,57.0,23.0,4528
2017-11-19,DET_vs_CHI,CHI,DET,51.0,3.0,1037
2017-11-19,JAX_vs_CLE,CLE,JAX,26.0,12.0,646
2017-11-19,BAL_vs_GB,GB,BAL,23.0,23.0,1221
2017-11-19,ARI_vs_HOU,HOU,ARI,52.0,10.0,55
2017-11-19,TB_vs_MIA,MIA,TB,50.0,10.0,533
2017-11-19,LA_vs_MIN,MIN,LA,31.0,17.0,302
2017-11-19,WAS_vs_NO,NO,WAS,65.0,3.0,4433
2017-11-19,KC_vs_NYG,NYG,KC,21.0,3.0,1199
2017-11-19,BUF_vs_LAC,LAC,BUF,78.0,30.0,1708
2017-11-19,CIN_vs_DEN,DEN,CIN,37.0,3.0,1181
2017-11-19,NE_vs_OAK,OAK,NE,41.0,25.0,2767
2017-11-19,PHI_vs_DAL,DAL,PHI,46.0,28.0,6132
2017-11-20,ATL_vs_SEA,SEA,ATL,65.0,3.0,4044
2017-11-23,MIN_vs_DET,DET,MIN,53.0,7.0,2681
2017-11-23,LAC_vs_DAL,DAL,LAC,34.0,22.0,5295
2017-11-23,NYG_vs_WAS,WAS,NYG,30.0,10.0,3880
2017-11-26,TB_vs_ATL,ATL,TB,54.0,14.0,693
2017-11-26,CLE_vs_CIN,CIN,CLE,46.0,14.0,678
2017-11-26,TEN_vs_IND,IND,TEN,36.0,4.0,511
2017-11-26,BUF_vs_KC,KC,BUF,26.0,6.0,1148
2017-11-26,MIA_vs_NE,NE,MIA,52.0,18.0,1713
2017-11-26,CAR_vs_NYJ,NYJ,CAR,62.0,8.0,981
2017-11-26,CHI_vs_PHI,PHI,CHI,34.0,28.0,1369
2017-11-26,SEA_vs_SF,SF,SEA,37.0,11.0,1944
2017-11-26,JAX_vs_ARI,ARI,JAX,51.0,3.0,239
2017-11-26,NO_vs_LA,LA,NO,46.0,6.0,1316
2017-11-26,DEN_vs_OAK,OAK,DEN,35.0,7.0,2862
2017-11-26,GB_vs_PIT,PIT,GB,59.0,3.0,4710
2017-11-27,HOU_vs_BAL,BAL,HOU,39.0,7.0,1106
2017-11-30,WAS_vs_DAL,DAL,WAS,52.0,24.0,5473
2017-12-03,MIN_vs_ATL,ATL,MIN,23.0,5.0,904
2017-12-03,DET_vs_BAL,BAL,DET,64.0,24.0,379
2017-12-03,NE_vs_BUF,BUF,NE,26.0,20.0,1905
2017-12-03,SF_vs_CHI,CHI,SF,29.0,1.0,1354
2017-12-03,TB_vs_GB,GB,TB,46.0,6.0,2303
2017-12-03,IND_vs_JAX,JAX,IND,40.0,20.0,589
2017-12-03,DEN_vs_MIA,MIA,DEN,44.0,26.0,1026
2017-12-03,KC_vs_NYJ,NYJ,KC,69.0,7.0,1307
2017-12-03,HOU_vs_TEN,TEN,HOU,37.0,11.0,347
2017-12-03,CLE_vs_LAC,LAC,CLE,29.0,9.0,1096
2017-12-03,LA_vs_ARI,ARI,LA,48.0,16.0,29
2017-12-03,CAR_vs_NO,NO,CAR,52.0,10.0,2625
2017-12-03,NYG_vs_OAK,OAK,NYG,41.0,7.0,2414
2017-12-03,PHI_vs_SEA,SEA,PHI,34.0,14.0,4764
2017-12-04,PIT_vs_CIN,CIN,PIT,43.0,3.0,3080
2017-12-07,NO_vs_ATL,ATL,NO,37.0,3.0,4870
2017-12-10,IND_vs_BUF,BUF,IND,20.0,6.0,4332
2017-12-10,MIN_vs_CAR,CAR,MIN,55.0,7.0,969
2017-12-10,CHI_vs_CIN,CIN,CHI,40.0,26.0,1244
2017-12-10,GB_vs_CLE,CLE,GB,48.0,6.0,3163
2017-12-10,SF_vs_HOU,HOU,SF,42.0,10.0,972
2017-12-10,OAK_vs_KC,KC,OAK,41.0,11.0,1422
2017-12-10,DAL_vs_NYG,NYG,DAL,40.0,20.0,5222
2017-12-10,DET_vs_TB,TB,DET,45.0,3.0,697
2017-12-10,TEN_vs_ARI,ARI,TEN,19.0,5.0,51
2017-12-10,NYJ_vs_DEN,DEN,NYJ,23.0,23.0,677
2017-12-10,WAS_vs_LAC,LAC,WAS,43.0,17.0,1200
2017-12-10,SEA_vs_JAX,JAX,SEA,54.0,6.0,2100
2017-12-10,PHI_vs_LA,LA,PHI,78.0,8.0,1678
2017-12-10,BAL_vs_PIT,PIT,BAL,77.0,1.0,2857
2017-12-11,NE_vs_MIA,MIA,NE,47.0,7.0,5123
2017-12-14,DEN_vs_IND,IND,DEN,38.0,12.0,2314
2017-12-16,CHI_vs_DET,DET,CHI,30.0,10.0,1741
2017-12-16,LAC_vs_KC,KC,LAC,43.0,17.0,1949
2017-12-17,MIA_vs_BUF,BUF,MIA,40.0,8.0,1142
2017-12-17,GB_vs_CAR,CAR,GB,55.0,7.0,4360
2017-12-17,BAL_vs_CLE,CLE,BAL,37.0,17.0,445
2017-12-17,HOU_vs_JAX,JAX,HOU,52.0,38.0,788
2017-12-17,CIN_vs_MIN,MIN,CIN,41.0,27.0,516
2017-12-17,NYJ_vs_NO,NO,NYJ,50.0,12.0,1843
2017-12-17,PHI_vs_NYG,NYG,PHI,63.0,5.0,1806
2017-12-17,ARI_vs_WAS,WAS,ARI,35.0,5.0,74
2017-12-17,LA_vs_SEA,SEA,LA,49.0,35.0,1251
2017-12-17,NE_vs_PIT,PIT,NE,51.0,3.0,13608
2017-12-17,TEN_vs_SF,SF,TEN,48.0,2.0,936
2017-12-17,DAL_vs_OAK,OAK,DAL,37.0,3.0,9799
2017-12-18,ATL_vs_TB,TB,ATL,45.0,3.0,2245
2017-12-23,IND_vs_BAL,BAL,IND,39.0,7.0,1038
2017-12-23,MIN_vs_GB,GB,MIN,16.0,16.0,2610
2017-12-24,TB_vs_CAR,CAR,TB,41.0,3.0,681
2017-12-24,CLE_vs_CHI,CHI,CLE,23.0,17.0,1156
2017-12-24,DET_vs_CIN,CIN,DET,43.0,9.0,673
2017-12-24,MIA_vs_KC,KC,MIA,42.0,16.0,608
2017-12-24,BUF_vs_NE,NE,BUF,53.0,21.0,3096
2017-12-24,ATL_vs_NO,NO,ATL,36.0,10.0,4343
2017-12-24,LAC_vs_NYJ,NYJ,LAC,21.0,7.0,1001
2017-12-24,LA_vs_TEN,TEN,LA,50.0,4.0,605
2017-12-24,DEN_vs_WAS,WAS,DEN,38.0,16.0,713
2017-12-24,JAX_vs_SF,SF,JAX,77.0,11.0,2654
2017-12-24,NYG_vs_ARI,ARI,NYG,23.0,23.0,46
2017-12-24,SEA_vs_DAL,DAL,SEA,33.0,9.0,6417
2017-12-25,PIT_vs_HOU,HOU,PIT,40.0,28.0,3328
2017-12-25,OAK_vs_PHI,PHI,OAK,29.0,9.0,3097
2017-12-31,GB_vs_DET,DET,GB,46.0,24.0,1050
2017-12-31,HOU_vs_IND,IND,HOU,35.0,9.0,372
2017-12-31,CHI_vs_MIN,MIN,CHI,33.0,13.0,627
2017-12-31,NYJ_vs_NE,NE,NYJ,32.0,20.0,1416
2017-12-31,WAS_vs_NYG,NYG,WAS,28.0,8.0,757
2017-12-31,DAL_vs_PHI,PHI,DAL,6.0,6.0,2121
2017-12-31,CLE_vs_PIT,PIT,CLE,52.0,4.0,1133
2017-12-31,CAR_vs_ATL,ATL,CAR,32.0,12.0,1429
2017-12-31,CIN_vs_BAL,BAL,CIN,58.0,4.0,1031
2017-12-31,KC_vs_DEN,DEN,KC,51.0,3.0,640
2017-12-31,SF_vs_LA,LA,SF,47.0,21.0,746
2017-12-31,OAK_vs_LAC,LAC,OAK,40.0,20.0,1464
2017-12-31,BUF_vs_MIA,MIA,BUF,38.0,6.0,1308
2017-12-31,ARI_vs_SEA,SEA,ARI,50.0,2.0,192
2017-12-31,NO_vs_TB,TB,NO,55.0,7.0,1619
2017-12-31,JAX_vs_TEN,TEN,JAX,25.0,5.0,628
